timestamp,SONAR,TIMON,ARPEGIATOR,MIC_BUTTON,SERES_ISLA,SLIDE_RIBBON,CUEVA_SEL,SW,POT,SELVA_ONE_SHOT,SELVA_SEL,JOY_X,JOY_Y,BPM,TEMPO,PUENTE,LORITO
1780485097.983983,0,0,1,1,0,0,0,0,1,0,0,108,0,1,0,1,1,1,0,0,0,0,0,0,0,0,0,0,0,0,0,0,0,0,0,220,10583,1,29,"0
",0,0,0,0,0,0,0,18,112,2
1780485097.993983,0,0,1,1,0,0,0,0,1,0,0,106,0,1,0,1,1,1,0,0,0,0,0,0,0,0,0,0,0,0,0,0,0,0,0,220,10583,-1,26,"1
",0,0,0,0,0,0,0,18,112,2
1780485098.003984,0,0,1,1,0,0,0,0,1,0,0,107,0,1,0,1,1,1,0,0,0,0,0,0,0,0,0,0,0,0,0,0,0,0,0,220,10583,-1,26,"2
",0,0,0,0,0,0,0,18,112,2
1780485098.013985,0,0,1,1,0,0,0,0,1,0,0,106,0,1,0,1,1,1,0,0,0,0,0,0,0,0,0,0,0,0,0,0,0,0,0,220,10583,-1,26,"3
",0,0,0,0,0,0,0,18,112,2
1780485098.023985,0,0,1,1,0,0,0,0,1,0,0,100,0,1,0,1,1,1,0,0,0,0,0,0,0,0,0,0,0,0,0,0,0,0,0,220,10583,-1,26,"4
",0,0,0,0,0,0,0,18,112,2
1780485098.033986,0,0,1,1,0,0,0,0,1,0,0,106,0,1,0,1,1,1,0,0,0,0,0,0,0,0,0,0,0,0,0,0,0,0,0,220,10583,-1,26,"5
",0,0,0,0,0,0,0,18,112,2
1780485098.043986,0,0,1,1,0,0,0,0,1,0,0,107,0,1,0,1,1,1,0,0,0,0,0,0,0,0,0,0,0,0,0,0,0,0,0,220,10583,-1,26,"6
",0,0,0,0,0,0,0,18,112,2
1780485098.054987,0,0,1,1,0,0,0,0,1,0,0,107,0,1,0,1,1,1,0,0,0,0,0,0,0,0,0,0,0,0,0,0,0,0,0,220,10583,-1,26,"7
",0,0,0,0,0,0,0,18,113,2
1780485098.064987,0,0,1,1,0,0,0,0,1,0,0,107,0,1,0,1,1,1,0,0,0,0,0,0,0,0,0,0,0,0,0,0,0,0,0,220,10583,-1,26,"8
",0,0,0,0,0,0,0,18,112,2
1780485098.074988,0,0,1,1,0,0,0,0,1,0,0,100,0,1,0,1,1,1,0,0,0,0,0,0,0,0,0,0,0,0,0,0,0,0,0,220,10583,-1,26,"9
",0,0,0,0,0,0,0,18,112,1
1780485098.084989,0,0,1,1,0,0,0,0,1,0,0,107,0,1,0,1,1,1,0,0,0,0,0,0,0,0,0,0,0,0,0,0,0,0,0,220,10583,-1,26,"10
",0,0,0,0,0,0,0,18,112,2
1780485098.094989,0,0,1,1,0,0,0,0,1,0,0,106,0,1,0,1,1,1,0,0,0,0,0,0,0,0,0,0,0,0,0,0,0,0,0,220,10583,-1,26,"11
",0,0,0,0,0,0,0,18,112,1
1780485098.10599,0,0,1,1,0,0,0,0,1,0,0,106,0,1,0,1,1,1,0,0,0,0,0,0,0,0,0,0,0,0,0,0,0,0,0,220,10583,-1,26,"12
",0,0,0,0,0,0,0,18,112,2
1780485098.11599,0,0,1,1,0,0,0,0,1,0,0,106,0,1,0,1,1,1,0,0,0,0,0,0,0,0,0,0,0,0,0,0,0,0,0,220,10583,-1,26,"13
",0,0,0,0,0,0,0,18,112,2
1780485098.125991,0,0,1,1,0,0,0,0,1,0,0,106,0,1,0,1,1,1,0,0,0,0,0,0,0,0,0,0,0,0,0,0,0,0,0,220,10583,-1,26,"14
",0,0,0,0,0,0,0,18,112,2
1780485098.135991,0,0,1,1,0,0,0,0,1,0,0,107,0,1,0,1,1,1,0,0,0,0,0,0,0,0,0,0,0,0,0,0,0,0,0,220,10583,-1,26,"15
",0,0,0,0,0,0,0,18,112,2
1780485098.145992,0,0,1,1,0,0,0,0,1,0,0,107,0,1,0,1,1,1,0,0,0,0,0,0,0,0,0,0,0,0,0,0,0,0,0,220,10583,-1,26,"16
",0,0,0,0,0,0,0,18,112,2
1780485098.156993,0,0,1,1,0,0,0,0,1,0,0,101,0,1,0,1,1,1,0,0,0,0,0,0,0,0,0,0,0,0,0,0,0,0,0,220,10583,-1,26,"17
",0,0,0,0,0,0,0,18,112,1
1780485098.166993,0,0,1,1,0,0,0,0,1,0,0,107,0,1,0,1,1,1,0,0,0,0,0,0,0,0,0,0,0,0,0,0,0,0,0,220,10583,-1,26,"18
",0,0,0,0,0,0,0,18,112,3
1780485098.176994,0,0,1,1,0,0,0,0,1,0,0,106,0,1,0,1,1,1,0,0,0,0,0,0,0,0,0,0,0,0,0,0,0,0,0,220,10583,-1,26,"19
",0,0,0,0,0,0,0,18,112,2
1780485098.186994,0,0,1,1,0,0,0,0,1,0,0,107,0,1,0,1,1,1,0,0,0,0,0,0,0,0,0,0,0,0,0,0,0,0,0,220,10583,-1,26,"20
",0,0,0,0,0,0,0,18,112,3
1780485098.197995,0,0,1,1,0,0,0,0,1,0,0,107,0,1,0,1,1,1,0,0,0,0,0,0,0,0,0,0,0,0,0,0,0,0,0,220,10583,-1,26,"21
",0,0,0,0,0,0,0,18,112,2
1780485098.207996,0,0,1,1,0,0,0,0,1,0,0,107,0,1,0,1,1,1,0,0,0,0,0,0,0,0,0,0,0,0,0,0,0,0,0,220,10583,-1,26,"22
",0,0,0,0,0,0,0,18,112,2
1780485098.217996,0,0,1,1,0,0,0,0,1,0,0,106,0,1,0,1,1,1,0,0,0,0,0,0,0,0,0,0,0,0,0,0,0,0,0,220,10583,-1,26,"23
",0,0,0,0,0,0,0,18,112,2
1780485098.227997,0,0,1,1,0,0,0,0,1,0,0,107,0,1,0,1,1,1,0,0,0,0,0,0,0,0,0,0,0,0,0,0,0,0,0,220,10583,-1,26,"24
",0,0,0,0,0,0,0,18,112,3
1780485098.237997,0,0,1,1,0,0,0,0,1,0,0,107,0,1,0,1,1,1,0,0,0,0,0,0,0,0,0,0,0,0,0,0,0,0,0,220,10583,-1,26,"25
",0,0,0,0,0,0,0,18,112,3
1780485098.248998,0,0,1,1,0,0,0,0,1,0,0,107,0,1,0,1,1,1,0,0,0,0,0,0,0,0,0,0,0,0,0,0,0,0,0,220,10583,-1,26,"26
",0,0,0,0,0,0,0,18,112,3
1780485098.258999,0,0,1,1,0,0,0,0,1,0,0,107,0,1,0,1,1,1,0,0,0,0,0,0,0,0,0,0,0,0,0,0,0,0,0,220,10583,-1,26,"27
",0,0,0,0,0,0,0,18,112,2
1780485098.268999,0,0,1,1,0,0,0,0,1,0,0,100,0,1,0,1,1,1,0,0,0,0,0,0,0,0,0,0,0,0,0,0,0,0,0,220,10583,2,28,"28
",0,0,0,0,0,0,0,18,112,2
1780485098.279,0,0,1,1,0,0,0,0,1,0,0,107,0,1,0,1,1,1,0,0,0,0,0,0,0,0,0,0,0,0,0,0,0,0,0,220,10583,-1,26,"29
",0,0,0,0,0,0,0,18,112,2
1780485098.289,0,0,1,1,0,0,0,0,1,0,0,107,0,1,0,1,1,1,0,0,0,0,0,0,0,0,0,0,0,0,0,0,0,0,0,220,10583,-1,26,"30
",0,0,0,0,0,0,0,18,112,2
1780485098.299001,0,0,1,1,0,0,0,0,1,0,0,107,0,1,0,1,1,1,0,0,0,0,0,0,0,0,0,0,0,0,0,0,0,0,0,220,10583,-1,26,"31
",0,0,0,0,0,0,0,18,112,2
1780485098.309001,0,0,1,1,0,0,0,0,1,0,0,107,0,1,0,1,1,1,0,0,0,0,0,0,0,0,0,0,0,0,0,0,0,0,0,220,10583,-1,26,"32
",0,0,0,0,0,0,0,18,112,2
1780485098.320002,0,0,1,1,0,0,0,0,1,0,0,107,0,1,0,1,1,1,0,0,0,0,0,0,0,0,0,0,0,0,0,0,0,0,0,220,10583,-1,26,"33
",0,0,0,0,0,0,0,18,112,1
1780485098.330003,0,0,1,1,0,0,0,0,1,0,0,100,0,1,0,1,1,1,0,0,0,0,0,0,0,0,0,0,0,0,0,0,0,0,0,220,10583,-1,26,"34
",0,0,0,0,0,0,0,18,112,2
1780485098.340003,0,0,1,1,0,0,0,0,1,0,0,106,0,1,0,1,1,1,0,0,0,0,0,0,0,0,0,0,0,0,0,0,0,0,0,220,10583,-1,26,"35
",0,0,0,0,0,0,0,18,112,2
1780485098.350004,0,0,1,1,0,0,0,0,1,0,0,107,0,1,0,1,1,1,0,0,0,0,0,0,0,0,0,0,0,0,0,0,0,0,0,220,10583,-1,26,"36
",0,0,0,0,0,0,0,18,112,2
1780485098.360004,0,0,1,1,0,0,0,0,1,0,0,107,0,1,0,1,1,1,0,0,0,0,0,0,0,0,0,0,0,0,0,0,0,0,0,220,10583,-1,26,"37
",0,0,0,0,0,0,0,18,112,2
1780485098.371005,0,0,1,1,0,0,0,0,1,0,0,106,0,1,0,1,1,1,0,0,0,0,0,0,0,0,0,0,0,0,0,0,0,0,0,220,10583,-1,26,"38
",0,0,0,0,0,0,0,18,112,3
1780485098.381006,0,0,1,1,0,0,0,0,1,0,0,107,0,1,0,1,1,1,0,0,0,0,0,0,0,0,0,0,0,0,0,0,0,0,0,220,10583,-1,26,"39
",0,0,0,0,0,0,0,18,112,2
1780485098.391006,0,0,1,1,0,0,0,0,1,0,0,107,0,1,0,1,1,1,0,0,0,0,0,0,0,0,0,0,0,0,0,0,0,0,0,220,10583,-1,26,"40
",0,0,0,0,0,0,0,18,112,2
1780485098.401007,0,0,1,1,0,0,0,0,1,0,0,107,0,1,0,1,1,1,0,0,0,0,0,0,0,0,0,0,0,0,0,0,0,0,0,220,10583,-1,26,"41
",0,0,0,0,0,0,0,18,112,2
1780485098.412007,0,0,1,1,0,0,0,0,1,0,0,107,0,1,0,1,1,1,0,0,0,0,0,0,0,0,0,0,0,0,0,0,0,0,0,220,10583,-1,26,"42
",0,0,0,0,0,0,0,18,112,2
1780485098.422008,0,0,1,1,0,0,0,0,1,0,0,107,0,1,0,1,1,1,0,0,0,0,0,0,0,0,0,0,0,0,0,0,0,0,0,220,10583,-1,26,"43
",0,0,0,0,0,0,0,18,112,3
1780485098.432008,0,0,1,1,0,0,0,0,1,0,0,107,0,1,0,1,1,1,0,0,0,0,0,0,0,0,0,0,0,0,0,0,0,0,0,220,10583,-1,26,"44
",0,0,0,0,0,0,0,18,112,3
1780485098.442009,0,0,1,1,0,0,0,0,1,0,0,100,0,1,0,1,1,1,0,0,0,0,0,0,0,0,0,0,0,0,0,0,0,0,0,220,10583,-1,26,"45
",0,0,0,0,0,0,0,18,112,2
1780485098.45301,0,0,1,1,0,0,0,0,1,0,0,101,0,1,0,1,1,1,0,0,0,0,0,0,0,0,0,0,0,0,0,0,0,0,0,220,10583,-1,26,"46
",0,0,0,0,0,0,0,18,112,3
1780485098.46301,0,0,1,1,0,0,0,0,1,0,0,107,0,1,0,1,1,1,0,0,0,0,0,0,0,0,0,0,0,0,0,0,0,0,0,220,10583,-1,26,"47
",0,0,0,0,0,0,0,18,112,2
1780485098.473011,0,0,1,1,0,0,0,0,1,0,0,107,0,1,0,1,1,1,0,0,0,0,0,0,0,0,0,0,0,0,0,0,0,0,0,220,10583,-1,26,"48
",0,0,0,0,0,0,0,18,112,2
1780485098.483011,0,0,1,1,0,0,0,0,1,0,0,107,0,1,0,1,1,1,0,0,0,0,0,0,0,0,0,0,0,0,0,0,0,0,0,220,10583,-1,26,"49
",0,0,0,0,0,0,0,18,112,2
1780485098.493012,0,0,1,1,0,0,0,0,1,0,0,107,0,1,0,1,1,1,0,0,0,0,0,0,0,0,0,0,0,0,0,0,0,0,0,220,10583,-1,26,"50
",0,0,0,0,0,0,0,18,112,2
1780485098.504013,0,0,1,1,0,0,0,0,1,0,0,107,0,1,0,1,1,1,0,0,0,0,0,0,0,0,0,0,0,0,0,0,0,0,0,220,10583,-1,26,"51
",0,0,0,0,0,0,0,18,112,1
1780485098.514013,0,0,1,1,0,0,0,0,1,0,0,107,0,1,0,1,1,1,0,0,0,0,0,0,0,0,0,0,0,0,0,0,0,0,0,220,10583,-1,26,"52
",0,0,0,0,0,0,0,18,112,2
1780485098.524014,0,0,1,1,0,0,0,0,1,0,0,107,0,1,0,1,1,1,0,0,0,0,0,0,0,0,0,0,0,0,0,0,0,0,0,220,10583,-1,26,"53
",0,0,0,0,0,0,0,18,112,2
1780485098.534014,0,0,1,1,0,0,0,0,1,0,0,123,0,1,0,1,1,1,0,0,0,0,0,0,0,0,0,0,0,0,0,0,0,0,0,220,10583,-1,26,"54
",0,0,0,0,0,0,0,18,112,2
1780485098.544015,0,0,1,1,0,0,0,0,1,0,0,107,0,1,0,1,1,1,0,0,0,0,0,0,0,0,0,0,0,0,0,0,0,0,0,220,10583,3,28,"55
",0,0,0,0,0,0,0,18,112,2
1780485098.554015,0,0,1,1,0,0,0,0,1,0,0,108,0,1,0,1,1,1,0,0,0,0,0,0,0,0,0,0,0,0,0,0,0,0,0,220,10583,-1,26,"56
",0,0,0,0,0,0,0,18,113,2
1780485098.565016,0,0,1,1,0,0,0,0,1,0,0,108,0,1,0,1,1,1,0,0,0,0,0,0,0,0,0,0,0,0,0,0,0,0,0,220,10583,-1,26,"57
",0,0,0,0,0,0,0,18,112,2
1780485098.575017,0,0,1,1,0,0,0,0,1,0,0,107,0,1,0,1,1,1,0,0,0,0,0,0,0,0,0,0,0,0,0,0,0,0,0,220,10583,-1,26,"58
",0,0,0,0,0,0,0,18,112,2
1780485098.585017,0,0,1,1,0,0,0,0,1,0,0,108,0,1,0,1,1,1,0,0,0,0,0,0,0,0,0,0,0,0,0,0,0,0,0,220,10583,-1,26,"59
",0,0,0,0,0,0,0,18,112,1
1780485098.595018,0,0,1,1,0,0,0,0,1,0,0,108,0,1,0,1,1,1,0,0,0,0,0,0,0,0,0,0,0,0,0,0,0,0,0,220,10583,-1,26,"60
",0,0,0,0,0,0,0,18,112,2
1780485098.606018,0,0,1,1,0,0,0,0,1,0,0,108,0,1,0,1,1,1,0,0,0,0,0,0,0,0,0,0,0,0,0,0,0,0,0,220,10583,-1,26,"61
",0,0,0,0,0,0,0,18,112,2
1780485098.616019,0,0,1,1,0,0,0,0,1,0,0,102,0,1,0,1,1,1,0,0,0,0,0,0,0,0,0,0,0,0,0,0,0,0,0,220,10583,-1,26,"62
",0,0,0,0,0,0,0,18,112,2
1780485098.62602,0,0,1,1,0,0,0,0,1,0,0,102,0,1,0,1,1,1,0,0,0,0,0,0,0,0,0,0,0,0,0,0,0,0,0,220,10583,-1,26,"63
",0,0,0,0,0,0,0,18,112,1
1780485098.63602,0,0,1,1,0,0,0,0,1,0,0,108,0,1,0,1,1,1,0,0,0,0,0,0,0,0,0,0,0,0,0,0,0,0,0,220,10583,-1,26,"64
",0,0,0,0,0,0,0,18,112,2
1780485098.646021,0,0,1,1,0,0,0,0,1,0,0,108,0,1,0,1,1,1,0,0,0,0,0,0,0,0,0,0,0,0,0,0,0,0,0,220,10583,-1,26,"65
",0,0,0,0,0,0,0,18,112,2
1780485098.657021,0,0,1,1,0,0,0,0,1,0,0,108,0,1,0,1,1,1,0,0,0,0,0,0,0,0,0,0,0,0,0,0,0,0,0,220,10583,-1,26,"66
",0,0,0,0,0,0,0,18,112,2
1780485098.667022,0,0,1,1,0,0,0,0,1,0,0,108,0,1,0,1,1,1,0,0,0,0,0,0,0,0,0,0,0,0,0,0,0,0,0,220,10583,-1,26,"67
",0,0,0,0,0,0,0,18,112,2
1780485098.677022,0,0,1,1,0,0,0,0,1,0,0,108,0,1,0,1,1,1,0,0,0,0,0,0,0,0,0,0,0,0,0,0,0,0,0,220,10583,-1,26,"68
",0,0,0,0,0,0,0,18,112,1
1780485098.687023,0,0,1,1,0,0,0,0,1,0,0,108,0,1,0,1,1,1,0,0,0,0,0,0,0,0,0,0,0,0,0,0,0,0,0,220,10583,-1,26,"69
",0,0,0,0,0,0,0,18,112,2
1780485098.698024,0,0,1,1,0,0,0,0,1,0,0,107,0,1,0,1,1,1,0,0,0,0,0,0,0,0,0,0,0,0,0,0,0,0,0,220,10583,-1,26,"70
",0,0,0,0,0,0,0,18,112,2
1780485098.708024,0,0,1,1,0,0,0,0,1,0,0,108,0,1,0,1,1,1,0,0,0,0,0,0,0,0,0,0,0,0,0,0,0,0,0,220,10583,-1,26,"71
",0,0,0,0,0,0,0,18,112,2
1780485098.718025,0,0,1,1,0,0,0,0,1,0,0,108,0,1,0,1,1,1,0,0,0,0,0,0,0,0,0,0,0,0,0,0,0,0,0,220,10583,-1,26,"72
",0,0,0,0,0,0,0,18,112,2
1780485098.728025,0,0,1,1,0,0,0,0,1,0,0,107,0,1,0,1,1,1,0,0,0,0,0,0,0,0,0,0,0,0,0,0,0,0,0,220,10583,-1,26,"73
",0,0,0,0,0,0,0,18,112,2
1780485098.738026,0,0,1,1,0,0,0,0,1,0,0,108,0,1,0,1,1,1,0,0,0,0,0,0,0,0,0,0,0,0,0,0,0,0,0,220,10583,-1,26,"74
",0,0,0,0,0,0,0,18,112,2
1780485098.748027,0,0,1,1,0,0,0,0,1,0,0,108,0,1,0,1,1,1,0,0,0,0,0,0,0,0,0,0,0,0,0,0,0,0,0,220,10583,-1,26,"75
",0,0,0,0,0,0,0,18,112,3
1780485098.758027,0,0,1,1,0,0,0,0,1,0,0,108,0,1,0,1,1,1,0,0,0,0,0,0,0,0,0,0,0,0,0,0,0,0,0,220,10583,-1,26,"76
",0,0,0,0,0,0,0,18,112,3
1780485098.768028,0,0,1,1,0,0,0,0,1,0,0,108,0,1,0,1,1,1,0,0,0,0,0,0,0,0,0,0,0,0,0,0,0,0,0,220,10583,-1,26,"77
",0,0,0,0,0,0,0,18,112,3
1780485098.779028,0,0,1,1,0,0,0,0,1,0,0,108,0,1,0,1,1,1,0,0,0,0,0,0,0,0,0,0,0,0,0,0,0,0,0,220,10583,-1,26,"78
",0,0,0,0,0,0,0,18,113,2
1780485098.789029,0,0,1,1,0,0,0,0,1,0,0,108,0,1,0,1,1,1,0,0,0,0,0,0,0,0,0,0,0,0,0,0,0,0,0,220,10583,-1,26,"79
",0,0,0,0,0,0,0,18,112,2
1780485098.799029,0,0,1,1,0,0,0,0,1,0,0,108,0,1,0,1,1,1,0,0,0,0,0,0,0,0,0,0,0,0,0,0,0,0,0,220,10583,-1,26,"80
",0,0,0,0,0,0,0,18,112,3
1780485098.80903,0,0,1,1,0,0,0,0,1,0,0,108,0,1,0,1,1,1,0,0,0,0,0,0,0,0,0,0,0,0,0,0,0,0,0,220,10583,-1,26,"81
",0,0,0,0,0,0,0,18,112,3
1780485098.819031,0,0,1,1,0,0,0,0,1,0,0,108,0,1,0,1,1,1,0,0,0,0,0,0,0,0,0,0,0,0,0,0,0,0,0,220,10583,-1,26,"82
",0,0,0,0,0,0,0,18,112,3
1780485098.829031,0,0,1,1,0,0,0,0,1,0,0,108,0,1,0,1,1,1,0,0,0,0,0,0,0,0,0,0,0,0,0,0,0,0,0,220,10583,4,28,"83
",0,0,0,0,0,0,0,18,112,3
1780485098.839032,0,0,1,1,0,0,0,0,1,0,0,108,0,1,0,1,1,1,0,0,0,0,0,0,0,0,0,0,0,0,0,0,0,0,0,220,10583,-1,26,"84
",0,0,0,0,0,0,0,18,112,2
1780485098.850032,0,0,1,1,0,0,0,0,1,0,0,108,0,1,0,1,1,1,0,0,0,0,0,0,0,0,0,0,0,0,0,0,0,0,0,220,10583,-1,26,"85
",0,0,0,0,0,0,0,18,112,3
1780485098.860033,0,0,1,1,0,0,0,0,1,0,0,108,0,1,0,1,1,1,0,0,0,0,0,0,0,0,0,0,0,0,0,0,0,0,0,220,10583,-1,26,"86
",0,0,0,0,0,0,0,18,112,2
1780485098.870033,0,0,1,1,0,0,0,0,1,0,0,107,0,1,0,1,1,1,0,0,0,0,0,0,0,0,0,0,0,0,0,0,0,0,0,220,10583,-1,26,"87
",0,0,0,0,0,0,0,18,112,2
1780485098.880034,0,0,1,1,0,0,0,0,1,0,0,108,0,1,0,1,1,1,0,0,0,0,0,0,0,0,0,0,0,0,0,0,0,0,0,220,10583,-1,26,"88
",0,0,0,0,0,0,0,18,112,2
1780485098.890035,0,0,1,1,0,0,0,0,1,0,0,108,0,1,0,1,1,1,0,0,0,0,0,0,0,0,0,0,0,0,0,0,0,0,0,220,10583,-1,26,"89
",0,0,0,0,0,0,0,18,112,2
1780485098.901035,0,0,1,1,0,0,0,0,1,0,0,108,0,1,0,1,1,1,0,0,0,0,0,0,0,0,0,0,0,0,0,0,0,0,0,220,10583,-1,26,"90
",0,0,0,0,0,0,0,18,112,2
1780485098.911036,0,0,1,1,0,0,0,0,1,0,0,108,0,1,0,1,1,1,0,0,0,0,0,0,0,0,0,0,0,0,0,0,0,0,0,220,10583,-1,26,"91
",0,0,0,0,0,0,0,18,112,2
1780485098.921036,0,0,1,1,0,0,0,0,1,0,0,102,0,1,0,1,1,1,0,0,0,0,0,0,0,0,0,0,0,0,0,0,0,0,0,220,10583,-1,26,"92
",0,0,0,0,0,0,0,18,112,2
1780485098.931037,0,0,1,1,0,0,0,0,1,0,0,107,0,1,0,1,1,1,0,0,0,0,0,0,0,0,0,0,0,0,0,0,0,0,0,220,10583,-1,26,"93
",0,0,0,0,0,0,0,18,112,2
1780485098.941038,0,0,1,1,0,0,0,0,1,0,0,108,0,1,0,1,1,1,0,0,0,0,0,0,0,0,0,0,0,0,0,0,0,0,0,220,10583,-1,26,"94
",0,0,0,0,0,0,0,18,112,2
1780485098.951038,0,0,1,1,0,0,0,0,1,0,0,108,0,1,0,1,1,1,0,0,0,0,0,0,0,0,0,0,0,0,0,0,0,0,0,220,10583,-1,26,"95
",0,0,0,0,0,0,0,18,112,2
1780485098.962039,0,0,1,1,0,0,0,0,1,0,0,107,0,1,0,1,1,1,0,0,0,0,0,0,0,0,0,0,0,0,0,0,0,0,0,220,10583,-1,26,"96
",0,0,0,0,0,0,0,18,112,2
1780485098.972039,0,0,1,1,0,0,0,0,1,0,0,108,0,1,0,1,1,1,0,0,0,0,0,0,0,0,0,0,0,0,0,0,0,0,0,220,10583,-1,26,"97
",0,0,0,0,0,0,0,18,112,2
1780485098.98204,0,0,1,1,0,0,0,0,1,0,0,108,0,1,0,1,1,1,0,0,0,0,0,0,0,0,0,0,0,0,0,0,0,0,0,220,10583,-1,26,"98
",0,0,0,0,0,0,0,18,112,2
1780485098.99204,0,0,1,1,0,0,0,0,1,0,0,108,0,1,0,1,1,1,0,0,0,0,0,0,0,0,0,0,0,0,0,0,0,0,0,220,10583,-1,26,"99
",0,0,0,0,0,0,0,18,112,2
1780485099.002041,0,0,1,1,0,0,0,0,1,0,0,107,0,1,0,1,1,1,0,0,0,0,0,0,0,0,0,0,0,0,0,0,0,0,0,220,10583,-1,26,"100
",0,0,0,0,0,0,0,18,112,2
1780485099.013042,0,0,1,1,0,0,0,0,1,0,0,107,0,1,0,1,1,1,0,0,0,0,0,0,0,0,0,0,0,0,0,0,0,0,0,220,10583,-1,26,"101
",0,0,0,0,0,0,0,18,112,2
1780485099.023042,0,0,1,1,0,0,0,0,1,0,0,107,0,1,0,1,1,1,0,0,0,0,0,0,0,0,0,0,0,0,0,0,0,0,0,220,10583,-1,26,"102
",0,0,0,0,0,0,0,18,112,1
1780485099.033043,0,0,1,1,0,0,0,0,1,0,0,108,0,1,0,1,1,1,0,0,0,0,0,0,0,0,0,0,0,0,0,0,0,0,0,220,10583,-1,26,"103
",0,0,0,0,0,0,0,18,112,2
1780485099.044043,0,0,1,1,0,0,0,0,1,0,0,107,0,1,0,1,1,1,0,0,0,0,0,0,0,0,0,0,0,0,0,0,0,0,0,220,10583,-1,26,"104
",0,0,0,0,0,0,0,18,112,2
1780485099.054044,0,0,1,1,0,0,0,0,1,0,0,108,0,1,0,1,1,1,0,0,0,0,0,0,0,0,0,0,0,0,0,0,0,0,0,220,10583,-1,26,"105
",0,0,0,0,0,0,0,18,112,2
1780485099.064045,0,0,1,1,0,0,0,0,1,0,0,108,0,1,0,1,1,1,0,0,0,0,0,0,0,0,0,0,0,0,0,0,0,0,0,220,10583,-1,26,"106
",0,0,0,0,0,0,0,18,112,2
1780485099.075045,0,0,1,1,0,0,0,0,1,0,0,107,0,1,0,1,1,1,0,0,0,0,0,0,0,0,0,0,0,0,0,0,0,0,0,220,10583,-1,26,"107
",0,0,0,0,0,0,0,18,112,3
1780485099.085046,0,0,1,1,0,0,0,0,1,0,0,108,0,1,0,1,1,1,0,0,0,0,0,0,0,0,0,0,0,0,0,0,0,0,0,220,10583,-1,26,"108
",0,0,0,0,0,0,0,18,112,2
1780485099.095046,0,0,1,1,0,0,0,0,1,0,0,108,0,1,0,1,1,1,0,0,0,0,0,0,0,0,0,0,0,0,0,0,0,0,0,220,10583,-1,26,"109
",0,0,0,0,0,0,0,18,112,2
1780485099.106047,0,0,1,1,0,0,0,0,1,0,0,107,0,1,0,1,1,1,0,0,0,0,0,0,0,0,0,0,0,0,0,0,0,0,0,220,10583,5,28,"110
",0,0,0,0,0,0,0,18,112,2
1780485099.116048,0,0,1,1,0,0,0,0,1,0,0,108,0,1,0,1,1,1,0,0,0,0,0,0,0,0,0,0,0,0,0,0,0,0,0,220,10583,-1,26,"111
",0,0,0,0,0,0,0,18,112,2
1780485099.126048,0,0,1,1,0,0,0,0,1,0,0,108,0,1,0,1,1,1,0,0,0,0,0,0,0,0,0,0,0,0,0,0,0,0,0,220,10583,-1,26,"112
",0,0,0,0,0,0,0,18,112,2
1780485099.136049,0,0,1,1,0,0,0,0,1,0,0,107,0,1,0,1,1,1,0,0,0,0,0,0,0,0,0,0,0,0,0,0,0,0,0,220,10583,-1,26,"113
",0,0,0,0,0,0,0,18,112,2
1780485099.147049,0,0,1,1,0,0,0,0,1,0,0,108,0,1,0,1,1,1,0,0,0,0,0,0,0,0,0,0,0,0,0,0,0,0,0,220,10583,-1,26,"114
",0,0,0,0,0,0,0,18,112,2
1780485099.15705,0,0,1,1,0,0,0,0,1,0,0,107,0,1,0,1,1,1,0,0,0,0,0,0,0,0,0,0,0,0,0,0,0,0,0,220,10583,-1,26,"115
",0,0,0,0,0,0,0,18,112,2
1780485099.16705,0,0,1,1,0,0,0,0,1,0,0,108,0,1,0,1,1,1,0,0,0,0,0,0,0,0,0,0,0,0,0,0,0,0,0,220,10583,-1,26,"116
",0,0,0,0,0,0,0,18,112,2
1780485099.178051,0,0,1,1,0,0,0,0,1,0,0,108,0,1,0,1,1,1,0,0,0,0,0,0,0,0,0,0,0,0,0,0,0,0,0,220,10583,-1,26,"117
",0,0,0,0,0,0,0,18,112,2
1780485099.188052,0,0,1,1,0,0,0,0,1,0,0,108,0,1,0,1,1,1,0,0,0,0,0,0,0,0,0,0,0,0,0,0,0,0,0,220,10583,-1,26,"118
",0,0,0,0,0,0,0,18,112,2
1780485099.198052,0,0,1,1,0,0,0,0,1,0,0,108,0,1,0,1,1,1,0,0,0,0,0,0,0,0,0,0,0,0,0,0,0,0,0,220,10583,-1,26,"119
",0,0,0,0,0,0,0,18,112,2
1780485099.209053,0,0,1,1,0,0,0,0,1,0,0,108,0,1,0,1,1,1,0,0,0,0,0,0,0,0,0,0,0,0,0,0,0,0,0,220,10583,-1,26,"120
",0,0,0,0,0,0,0,18,112,1
1780485099.219053,0,0,1,1,0,0,0,0,1,0,0,107,0,1,0,1,1,1,0,0,0,0,0,0,0,0,0,0,0,0,0,0,0,0,0,220,10583,-1,26,"121
",0,0,0,0,0,0,0,18,112,2
1780485099.229054,0,0,1,1,0,0,0,0,1,0,0,107,0,1,0,1,1,1,0,0,0,0,0,0,0,0,0,0,0,0,0,0,0,0,0,220,10583,-1,26,"122
",0,0,0,0,0,0,0,18,112,2
1780485099.240055,0,0,1,1,0,0,0,0,1,0,0,108,0,1,0,1,1,1,0,0,0,0,0,0,0,0,0,0,0,0,0,0,0,0,0,220,10583,-1,26,"123
",0,0,0,0,0,0,0,18,112,2
1780485099.250055,0,0,1,1,0,0,0,0,1,0,0,108,0,1,0,1,1,1,0,0,0,0,0,0,0,0,0,0,0,0,0,0,0,0,0,220,10583,-1,26,"124
",0,0,0,0,0,0,0,18,112,2
1780485099.260056,0,0,1,1,0,0,0,0,1,0,0,108,0,1,0,1,1,1,0,0,0,0,0,0,0,0,0,0,0,0,0,0,0,0,0,220,10583,-1,26,"125
",0,0,0,0,0,0,0,18,112,2
1780485099.271056,0,0,1,1,0,0,0,0,1,0,0,108,0,1,0,1,1,1,0,0,0,0,0,0,0,0,0,0,0,0,0,0,0,0,0,220,10583,-1,26,"126
",0,0,0,0,0,0,0,18,112,2
1780485099.281057,0,0,1,1,0,0,0,0,1,0,0,101,0,1,0,1,1,1,0,0,0,0,0,0,0,0,0,0,0,0,0,0,0,0,0,220,10583,-1,26,"127
",0,0,0,0,0,0,0,18,112,2
1780485099.292058,0,0,1,1,0,0,0,0,1,0,0,108,0,1,0,1,1,1,0,0,0,0,0,0,0,0,0,0,0,0,0,0,0,0,0,220,10583,-1,26,"128
",0,0,0,0,0,0,0,18,112,2
1780485099.302058,0,0,1,1,0,0,0,0,1,0,0,107,0,1,0,1,1,1,0,0,0,0,0,0,0,0,0,0,0,0,0,0,0,0,0,220,10583,-1,26,"129
",0,0,0,0,0,0,0,18,112,2
1780485099.312059,0,0,1,1,0,0,0,0,1,0,0,108,0,1,0,1,1,1,0,0,0,0,0,0,0,0,0,0,0,0,0,0,0,0,0,220,10583,-1,26,"130
",0,0,0,0,0,0,0,18,112,2
1780485099.323059,0,0,1,1,0,0,0,0,1,0,0,108,0,1,0,1,1,1,0,0,0,0,0,0,0,0,0,0,0,0,0,0,0,0,0,220,10583,-1,26,"131
",0,0,0,0,0,0,0,18,112,2
1780485099.33306,0,0,1,1,0,0,0,0,1,0,0,102,0,1,0,1,1,1,0,0,0,0,0,0,0,0,0,0,0,0,0,0,0,0,0,220,10583,-1,26,"132
",0,0,0,0,0,0,0,18,112,2
1780485099.343061,0,0,1,1,0,0,0,0,1,0,0,108,0,1,0,1,1,1,0,0,0,0,0,0,0,0,0,0,0,0,0,0,0,0,0,220,10583,-1,26,"133
",0,0,0,0,0,0,0,18,112,2
1780485099.353061,0,0,1,1,0,0,0,0,1,0,0,108,0,1,0,1,1,1,0,0,0,0,0,0,0,0,0,0,0,0,0,0,0,0,0,220,10583,-1,26,"134
",0,0,0,0,0,0,0,18,112,3
1780485099.364062,0,0,1,1,0,0,0,0,1,0,0,107,0,1,0,1,1,1,0,0,0,0,0,0,0,0,0,0,0,0,0,0,0,0,0,220,10583,-1,26,"135
",0,0,0,0,0,0,0,18,112,3
1780485099.374062,0,0,1,1,0,0,0,0,1,0,0,108,0,1,0,1,1,1,0,0,0,0,0,0,0,0,0,0,0,0,0,0,0,0,0,220,10583,-1,26,"136
",0,0,0,0,0,0,0,18,112,2
1780485099.384063,0,0,1,1,0,0,0,0,1,0,0,108,0,1,0,1,1,1,0,0,0,0,0,0,0,0,0,0,0,0,0,0,0,0,0,220,10583,0,28,"137
",0,0,0,0,0,0,0,18,112,2
1780485099.400064,0,0,1,1,0,0,0,0,1,0,0,107,0,1,0,1,1,1,0,0,0,0,0,0,0,0,0,0,0,0,0,0,0,0,0,220,10583,-1,26,"138
",0,0,0,0,0,0,0,18,112,2
1780485099.406064,0,0,1,1,0,0,0,0,1,0,0,107,0,1,0,1,1,1,0,0,0,0,0,0,0,0,0,0,0,0,0,0,0,0,0,220,10583,-1,26,"139
",0,0,0,0,0,0,0,18,112,2
1780485099.426065,0,0,1,1,0,0,0,0,1,0,0,107,0,1,0,1,1,1,0,0,0,0,0,0,0,0,0,0,0,0,0,0,0,0,0,220,10583,-1,26,"140
",0,0,0,0,0,0,0,18,112,2
1780485099.452067,0,0,1,1,0,0,0,0,1,0,0,107,0,1,0,1,1,1,0,0,0,0,0,0,0,0,0,0,0,0,0,0,0,0,0,220,10583,-1,26,"141
",0,0,0,0,0,0,0,18,112,2
1780485099.472068,0,0,1,1,0,0,0,0,1,0,0,107,0,1,0,1,1,1,0,0,0,0,0,0,0,0,0,0,0,0,0,0,0,0,0,220,10583,-1,26,"142
",0,0,0,0,0,0,0,18,112,2
1780485099.484069,0,0,1,1,0,0,0,0,1,0,0,107,0,1,0,1,1,1,0,0,0,0,0,0,0,0,0,0,0,0,0,0,0,0,0,220,10583,-1,26,"143
",0,0,0,0,0,0,0,18,112,2
1780485099.50407,0,0,1,1,0,0,0,0,1,0,0,106,0,1,0,1,1,1,0,0,0,0,0,0,0,0,0,0,0,0,0,0,0,0,0,220,10583,-1,26,"144
",0,0,0,0,0,0,0,18,112,2
1780485099.523071,0,0,1,1,0,0,0,0,1,0,0,107,0,1,0,1,1,1,0,0,0,0,0,0,0,0,0,0,0,0,0,0,0,0,0,220,10583,-1,26,"145
",0,0,0,0,0,0,0,18,112,2
1780485099.544072,0,0,1,1,0,0,0,0,1,0,0,107,0,1,0,1,1,1,0,0,0,0,0,0,0,0,0,0,0,0,0,0,0,0,0,220,10583,-1,26,"146
",0,0,0,0,0,0,0,18,112,2
1780485099.563073,0,0,1,1,0,0,0,0,1,0,0,108,0,1,0,1,1,1,0,0,0,0,0,0,0,0,0,0,0,0,0,0,0,0,0,220,10583,-1,26,"147
",0,0,0,0,0,0,0,18,112,2
1780485099.582074,0,0,1,1,0,0,0,0,1,0,0,107,0,1,0,1,1,1,0,0,0,0,0,0,0,0,0,0,0,0,0,0,0,0,0,220,10583,-1,26,"148
",0,0,0,0,0,0,0,18,112,2
1780485099.602075,0,0,1,1,0,0,0,0,1,0,0,107,0,1,0,1,1,1,0,0,0,0,0,0,0,0,0,0,0,0,0,0,0,0,0,220,10583,-1,26,"149
",0,0,0,0,0,0,0,18,112,2
1780485099.622076,0,0,1,1,0,0,0,0,1,0,0,107,0,1,0,1,1,1,0,0,0,0,0,0,0,0,0,0,0,0,0,0,0,0,0,220,10583,-1,26,"150
",0,0,0,0,0,0,0,18,112,1
1780485099.643078,0,0,1,1,0,0,0,0,1,0,0,107,0,1,0,1,1,1,0,0,0,0,0,0,0,0,0,0,0,0,0,0,0,0,0,220,10583,-1,26,"151
",0,0,0,0,0,0,0,18,112,2
1780485099.662079,0,0,1,1,0,0,0,0,1,0,0,107,0,1,0,1,1,1,0,0,0,0,0,0,0,0,0,0,0,0,0,0,0,0,0,220,10583,-1,26,"152
",0,0,0,0,0,0,0,18,112,1
1780485099.68108,0,0,1,1,0,0,0,0,1,0,0,106,0,1,0,1,1,1,0,0,0,0,0,0,0,0,0,0,0,0,0,0,0,0,0,220,10583,-1,26,"153
",0,0,0,0,0,0,0,18,112,2
1780485099.701081,0,0,1,1,0,0,0,0,1,0,0,107,0,1,0,1,1,1,0,0,0,0,0,0,0,0,0,0,0,0,0,0,0,0,0,220,10583,1,28,"154
",0,0,0,0,0,0,0,18,112,1
1780485099.720082,0,0,1,1,0,0,0,0,1,0,0,107,0,1,0,1,1,1,0,0,0,0,0,0,0,0,0,0,0,0,0,0,0,0,0,220,10583,-1,26,"155
",0,0,0,0,0,0,0,18,112,2
1780485099.744083,0,0,1,1,0,0,0,0,1,0,0,107,0,1,0,1,1,1,0,0,0,0,0,0,0,0,0,0,0,0,0,0,0,0,0,220,10583,-1,26,"156
",0,0,0,0,0,0,0,18,112,1
1780485099.760084,0,0,1,1,0,0,0,0,1,0,0,107,0,1,0,1,1,1,0,0,0,0,0,0,0,0,0,0,0,0,0,0,0,0,0,220,10583,-1,26,"157
",0,0,0,0,0,0,0,18,112,2
1780485099.780086,0,0,1,1,0,0,0,0,1,0,0,107,0,1,0,1,1,1,0,0,0,0,0,0,0,0,0,0,0,0,0,0,0,0,0,220,10583,-1,26,"158
",0,0,0,0,0,0,0,18,112,2
1780485099.799087,0,0,1,1,0,0,0,0,1,0,0,107,0,1,0,1,1,1,0,0,0,0,0,0,0,0,0,0,0,0,0,0,0,0,0,220,10583,-1,26,"159
",0,0,0,0,0,0,0,18,112,2
1780485099.818088,0,0,1,1,0,0,0,0,1,0,0,107,0,1,0,1,1,1,0,0,0,0,0,0,0,0,0,0,0,0,0,0,0,0,0,220,10583,-1,26,"160
",0,0,0,0,0,0,0,18,112,2
1780485099.839089,0,0,1,1,0,0,0,0,1,0,0,107,0,1,0,1,1,1,0,0,0,0,0,0,0,0,0,0,0,0,0,0,0,0,0,220,10583,-1,26,"161
",0,0,0,0,0,0,0,18,112,2
1780485099.86009,0,0,1,1,0,0,0,0,1,0,0,107,0,1,0,1,1,1,0,0,0,0,0,0,0,0,0,0,0,0,0,0,0,0,0,220,10583,-1,26,"162
",0,0,0,0,0,0,0,18,112,2
1780485099.881091,0,0,1,1,0,0,0,0,1,0,0,107,0,1,0,1,1,1,0,0,0,0,0,0,0,0,0,0,0,0,0,0,0,0,0,220,10583,-1,26,"163
",0,0,0,0,0,0,0,18,112,2
1780485099.897092,0,0,1,1,0,0,0,0,1,0,0,100,0,1,0,1,1,1,0,0,0,0,0,0,0,0,0,0,0,0,0,0,0,0,0,220,10583,-1,26,"164
",0,0,0,0,0,0,0,18,112,1
1780485099.916093,0,0,1,1,0,0,0,0,1,0,0,107,0,1,0,1,1,1,0,0,0,0,0,0,0,0,0,0,0,0,0,0,0,0,0,220,10583,-1,26,"165
",0,0,0,0,0,0,0,18,112,2
1780485099.941095,0,0,1,1,0,0,0,0,1,0,0,107,0,1,0,1,1,1,0,0,0,0,0,0,0,0,0,0,0,0,0,0,0,0,0,220,10583,-1,26,"166
",0,0,0,0,0,0,0,18,112,2
1780485099.961096,0,0,1,1,0,0,0,0,1,0,0,107,0,1,0,1,1,1,0,0,0,0,0,0,0,0,0,0,0,0,0,0,0,0,0,220,10583,-1,26,"167
",0,0,0,0,0,0,0,18,112,2
1780485099.984097,0,0,1,1,0,0,0,0,1,0,0,107,0,1,0,1,1,1,0,0,0,0,0,0,0,0,0,0,0,0,0,0,0,0,0,220,10583,2,28,"168
",0,0,0,0,0,0,0,18,112,3
1780485099.995098,0,0,1,1,0,0,0,0,1,0,0,107,0,1,0,1,1,1,0,0,0,0,0,0,0,0,0,0,0,0,0,0,0,0,0,220,10583,-1,26,"169
",0,0,0,0,0,0,0,18,112,2
1780485100.015099,0,0,1,1,0,0,0,0,1,0,0,106,0,1,0,1,1,1,0,0,0,0,0,0,0,0,0,0,0,0,0,0,0,0,0,220,10583,-1,26,"170
",0,0,0,0,0,0,0,18,112,2
1780485100.0341,0,0,1,1,0,0,0,0,1,0,0,107,0,1,0,1,1,1,0,0,0,0,0,0,0,0,0,0,0,0,0,0,0,0,0,220,10583,-1,26,"171
",0,0,0,0,0,0,0,18,112,3
1780485100.064102,0,0,1,1,0,0,0,0,1,0,0,107,0,1,0,1,1,1,0,0,0,0,0,0,0,0,0,0,0,0,0,0,0,0,0,220,10583,-1,26,"172
",0,0,0,0,0,0,0,18,112,2
1780485100.074102,0,0,1,1,0,0,0,0,1,0,0,107,0,1,0,1,1,1,0,0,0,0,0,0,0,0,0,0,0,0,0,0,0,0,0,220,10583,-1,26,"173
",0,0,0,0,0,0,0,18,112,3
1780485100.093103,0,0,1,1,0,0,0,0,1,0,0,107,0,1,0,1,1,1,0,0,0,0,0,0,0,0,0,0,0,0,0,0,0,0,0,220,10583,-1,26,"174
",0,0,0,0,0,0,0,18,112,2
1780485100.113105,0,0,1,1,0,0,0,0,1,0,0,107,0,1,0,1,1,1,0,0,0,0,0,0,0,0,0,0,0,0,0,0,0,0,0,220,10583,-1,26,"175
",0,0,0,0,0,0,0,18,112,2
1780485100.133106,0,0,1,1,0,0,0,0,1,0,0,107,0,1,0,1,1,1,0,0,0,0,0,0,0,0,0,0,0,0,0,0,0,0,0,220,10583,-1,26,"176
",0,0,0,0,0,0,0,18,112,2
1780485100.154107,0,0,1,1,0,0,0,0,1,0,0,100,0,1,0,1,1,1,0,0,0,0,0,0,0,0,0,0,0,0,0,0,0,0,0,220,10583,-1,26,"177
",0,0,0,0,0,0,0,18,112,2
1780485100.172108,0,0,1,1,0,0,0,0,1,0,0,108,0,1,0,1,1,1,0,0,0,0,0,0,0,0,0,0,0,0,0,0,0,0,0,220,10583,-1,26,"178
",0,0,0,0,0,0,0,18,112,2
1780485100.192109,0,0,1,1,0,0,0,0,1,0,0,107,0,1,0,1,1,1,0,0,0,0,0,0,0,0,0,0,0,0,0,0,0,0,0,220,10583,-1,26,"179
",0,0,0,0,0,0,0,18,112,2
1780485100.21211,0,0,1,1,0,0,0,0,1,0,0,107,0,1,0,1,1,1,0,0,0,0,0,0,0,0,0,0,0,0,0,0,0,0,0,220,10583,-1,26,"180
",0,0,0,0,0,0,0,18,112,1
1780485100.231111,0,0,1,1,0,0,0,0,1,0,0,106,0,1,0,1,1,1,0,0,0,0,0,0,0,0,0,0,0,0,0,0,0,0,0,220,10583,-1,26,"181
",0,0,0,0,0,0,0,18,112,2
1780485100.269114,0,0,1,1,0,0,0,0,1,0,0,106,0,1,0,1,1,1,0,0,0,0,0,0,0,0,0,0,0,0,0,0,0,0,0,220,10583,-1,26,"182
",0,0,0,0,0,0,0,18,112,2
1780485100.272114,0,0,1,1,0,0,0,0,1,0,0,107,0,1,0,1,1,1,0,0,0,0,0,0,0,0,0,0,0,0,0,0,0,0,0,220,10583,3,28,"183
",0,0,0,0,0,0,0,18,112,2
1780485100.290115,0,0,1,1,0,0,0,0,1,0,0,108,0,1,0,1,1,1,0,0,0,0,0,0,0,0,0,0,0,0,0,0,0,0,0,220,10583,-1,26,"184
",0,0,0,0,0,0,0,18,112,2
1780485100.310116,0,0,1,1,0,0,0,0,1,0,0,101,0,1,0,1,1,1,0,0,0,0,0,0,0,0,0,0,0,0,0,0,0,0,0,220,10583,-1,26,"185
",0,0,0,0,0,0,0,18,112,2
1780485100.329117,0,0,1,1,0,0,0,0,1,0,0,108,0,1,0,1,1,1,0,0,0,0,0,0,0,0,0,0,0,0,0,0,0,0,0,220,10583,-1,26,"186
",0,0,0,0,0,0,0,18,112,2
1780485100.350118,0,0,1,1,0,0,0,0,1,0,0,108,0,1,0,1,1,1,0,0,0,0,0,0,0,0,0,0,0,0,0,0,0,0,0,220,10583,-1,26,"187
",0,0,0,0,0,0,0,18,112,2
1780485100.37412,0,0,1,1,0,0,0,0,1,0,0,108,0,1,0,1,1,1,0,0,0,0,0,0,0,0,0,0,0,0,0,0,0,0,0,220,10583,-1,26,"188
",0,0,0,0,0,0,0,18,112,2
1780485100.393121,0,0,1,1,0,0,0,0,1,0,0,108,0,1,0,1,1,1,0,0,0,0,0,0,0,0,0,0,0,0,0,0,0,0,0,220,10583,-1,26,"189
",0,0,0,0,0,0,0,18,112,2
1780485100.409122,0,0,1,1,0,0,0,0,1,0,0,109,0,1,0,1,1,1,0,0,0,0,0,0,0,0,0,0,0,0,0,0,0,0,0,220,10583,-1,26,"190
",0,0,0,0,0,0,0,18,112,2
1780485100.428123,0,0,1,1,0,0,0,0,1,0,0,108,0,1,0,1,1,1,0,0,0,0,0,0,0,0,0,0,0,0,0,0,0,0,0,220,10583,-1,26,"191
",0,0,0,0,0,0,0,18,112,2
1780485100.448124,0,0,1,1,0,0,0,0,1,0,0,108,0,1,0,1,1,1,0,0,0,0,0,0,0,0,0,0,0,0,0,0,0,0,0,220,10583,-1,26,"192
",0,0,0,0,0,0,0,18,112,1
1780485100.476125,0,0,1,1,0,0,0,0,1,0,0,108,0,1,0,1,1,1,0,0,0,0,0,0,0,0,0,0,0,0,0,0,0,0,0,220,10583,-1,26,"193
",0,0,0,0,0,0,0,18,112,2
1780485100.490126,0,0,1,1,0,0,0,0,1,0,0,109,0,1,0,1,1,1,0,0,0,0,0,0,0,0,0,0,0,0,0,0,0,0,0,220,10583,-1,26,"194
",0,0,0,0,0,0,0,18,112,2
1780485100.507127,0,0,1,1,0,0,0,0,1,0,0,107,0,1,0,1,1,1,0,0,0,0,0,0,0,0,0,0,0,0,0,0,0,0,0,220,10583,-1,26,"195
",0,0,0,0,0,0,0,18,112,2
1780485100.526128,0,0,1,1,0,0,0,0,1,0,0,108,0,1,0,1,1,1,0,0,0,0,0,0,0,0,0,0,0,0,0,0,0,0,0,220,10583,-1,26,"196
",0,0,0,0,0,0,0,18,112,2
1780485100.546129,0,0,1,1,0,0,0,0,1,0,0,108,0,1,0,1,1,1,0,0,0,0,0,0,0,0,0,0,0,0,0,0,0,0,0,220,10583,4,28,"197
",0,0,0,0,0,0,0,18,112,2
1780485100.567131,0,0,1,1,0,0,0,0,1,0,0,108,0,1,0,1,1,1,0,0,0,0,0,0,0,0,0,0,0,0,0,0,0,0,0,220,10583,-1,26,"198
",0,0,0,0,0,0,0,18,112,2
1780485100.586132,0,0,1,1,0,0,0,0,1,0,0,108,0,1,0,1,1,1,0,0,0,0,0,0,0,0,0,0,0,0,0,0,0,0,0,220,10583,-1,26,"199
",0,0,0,0,0,0,0,18,112,2
1780485100.607133,0,0,1,1,0,0,0,0,1,0,0,108,0,1,0,1,1,1,0,0,0,0,0,0,0,0,0,0,0,0,0,0,0,0,0,220,10583,-1,26,"200
",0,0,0,0,0,0,0,18,112,2
1780485100.625134,0,0,1,1,0,0,0,0,1,0,0,109,0,1,0,1,1,1,0,0,0,0,0,0,0,0,0,0,0,0,0,0,0,0,0,220,10583,-1,26,"201
",0,0,0,0,0,0,0,18,112,2
1780485100.645135,0,0,1,1,0,0,0,0,1,0,0,107,0,1,0,1,1,1,0,0,0,0,0,0,0,0,0,0,0,0,0,0,0,0,0,220,10583,-1,26,"202
",0,0,0,0,0,0,0,18,112,2
1780485100.668136,0,0,1,1,0,0,0,0,1,0,0,108,0,1,0,1,1,1,0,0,0,0,0,0,0,0,0,0,0,0,0,0,0,0,0,220,10583,-1,26,"203
",0,0,0,0,0,0,0,18,112,2
1780485100.684137,0,0,1,1,0,0,0,0,1,0,0,107,0,1,0,1,1,1,0,0,0,0,0,0,0,0,0,0,0,0,0,0,0,0,0,220,10583,-1,26,"204
",0,0,0,0,0,0,0,18,112,1
1780485100.704138,0,0,1,1,0,0,0,0,1,0,0,101,0,1,0,1,1,1,0,0,0,0,0,0,0,0,0,0,0,0,0,0,0,0,0,220,10583,-1,26,"205
",0,0,0,0,0,0,0,18,112,2
1780485100.723139,0,0,1,1,0,0,0,0,1,0,0,108,0,1,0,1,1,1,0,0,0,0,0,0,0,0,0,0,0,0,0,0,0,0,0,220,10583,-1,26,"206
",0,0,0,0,0,0,0,18,112,2
1780485100.743141,0,0,1,1,0,0,0,0,1,0,0,107,0,1,0,1,1,1,0,0,0,0,0,0,0,0,0,0,0,0,0,0,0,0,0,220,10583,-1,26,"207
",0,0,0,0,0,0,0,18,112,2
1780485100.764142,0,0,1,1,0,0,0,0,1,0,0,108,0,1,0,1,1,1,0,0,0,0,0,0,0,0,0,0,0,0,0,0,0,0,0,220,10583,-1,26,"208
",0,0,0,0,0,0,0,18,112,2
1780485100.783143,0,0,1,1,0,0,0,0,1,0,0,108,0,1,0,1,1,1,0,0,0,0,0,0,0,0,0,0,0,0,0,0,0,0,0,220,10583,-1,26,"209
",0,0,0,0,0,0,0,18,112,2
1780485100.807144,0,0,1,1,0,0,0,0,1,0,0,108,0,1,0,1,1,1,0,0,0,0,0,0,0,0,0,0,0,0,0,0,0,0,0,220,10583,-1,26,"210
",0,0,0,0,0,0,0,18,112,2
1780485100.822145,0,0,1,1,0,0,0,0,1,0,0,107,0,1,0,1,1,1,0,0,0,0,0,0,0,0,0,0,0,0,0,0,0,0,0,220,10583,5,28,"211
",0,0,0,0,0,0,0,18,112,2
1780485100.845146,0,0,1,1,0,0,0,0,1,0,0,108,0,1,0,1,1,1,0,0,0,0,0,0,0,0,0,0,0,0,0,0,0,0,0,220,10583,-1,26,"212
",0,0,0,0,0,0,0,18,112,2
1780485100.862147,0,0,1,1,0,0,0,0,1,0,0,108,0,1,0,1,1,1,0,0,0,0,0,0,0,0,0,0,0,0,0,0,0,0,0,220,10583,-1,26,"213
",0,0,0,0,0,0,0,18,112,3
1780485100.883149,0,0,1,1,0,0,0,0,1,0,0,108,0,1,0,1,1,1,0,0,0,0,0,0,0,0,0,0,0,0,0,0,0,0,0,220,10583,-1,26,"214
",0,0,0,0,0,0,0,18,112,2
1780485100.90515,0,0,1,1,0,0,0,0,1,0,0,108,0,1,0,1,1,1,0,0,0,0,0,0,0,0,0,0,0,0,0,0,0,0,0,220,10583,-1,26,"215
",0,0,0,0,0,0,0,18,112,3
1780485100.920151,0,0,1,1,0,0,0,0,1,0,0,108,0,1,0,1,1,1,0,0,0,0,0,0,0,0,0,0,0,0,0,0,0,0,0,220,10583,-1,26,"216
",0,0,0,0,0,0,0,18,112,2
1780485100.940152,0,0,1,1,0,0,0,0,1,0,0,108,0,1,0,1,1,1,0,0,0,0,0,0,0,0,0,0,0,0,0,0,0,0,0,220,10583,-1,26,"217
",0,0,0,0,0,0,0,18,112,2
1780485100.959153,0,0,1,1,0,0,0,0,1,0,0,108,0,1,0,1,1,1,0,0,0,0,0,0,0,0,0,0,0,0,0,0,0,0,0,220,10583,-1,26,"218
",0,0,0,0,0,0,0,18,112,2
1780485100.980154,0,0,1,1,0,0,0,0,1,0,0,108,0,1,0,1,1,1,0,0,0,0,0,0,0,0,0,0,0,0,0,0,0,0,0,220,10583,-1,26,"219
",0,0,0,0,0,0,0,18,112,2
1780485101.008156,0,0,1,1,0,0,0,0,1,0,0,107,0,1,0,1,1,1,0,0,0,0,0,0,0,0,0,0,0,0,0,0,0,0,0,220,10583,-1,26,"220
",0,0,0,0,0,0,0,18,112,2
1780485101.018156,0,0,1,1,0,0,0,0,1,0,0,108,0,1,0,1,1,1,0,0,0,0,0,0,0,0,0,0,0,0,0,0,0,0,0,220,10583,-1,26,"221
",0,0,0,0,0,0,0,18,112,1
1780485101.038157,0,0,1,1,0,0,0,0,1,0,0,108,0,1,0,1,1,1,0,0,0,0,0,0,0,0,0,0,0,0,0,0,0,0,0,220,10583,-1,26,"222
",0,0,0,0,0,0,0,18,112,2
1780485101.062159,0,0,1,1,0,0,0,0,1,0,0,108,0,1,0,1,1,1,0,0,0,0,0,0,0,0,0,0,0,0,0,0,0,0,0,220,10583,-1,26,"223
",0,0,0,0,0,0,0,18,112,2
1780485101.07816,0,0,1,1,0,0,0,0,1,0,0,107,0,1,0,1,1,1,0,0,0,0,0,0,0,0,0,0,0,0,0,0,0,0,0,220,10583,-1,26,"224
",0,0,0,0,0,0,0,18,112,2
1780485101.098161,0,0,1,1,0,0,0,0,1,0,0,108,0,1,0,1,1,1,0,0,0,0,0,0,0,0,0,0,0,0,0,0,0,0,0,220,10583,0,28,"225
",0,0,0,0,0,0,0,18,112,2
1780485101.117162,0,0,1,1,0,0,0,0,1,0,0,107,0,1,0,1,1,1,0,0,0,0,0,0,0,0,0,0,0,0,0,0,0,0,0,220,10583,-1,26,"226
",0,0,0,0,0,0,0,18,112,2
1780485101.137163,0,0,1,1,0,0,0,0,1,0,0,107,0,1,0,1,1,1,0,0,0,0,0,0,0,0,0,0,0,0,0,0,0,0,0,220,10583,-1,26,"227
",0,0,0,0,0,0,0,18,112,2
1780485101.156164,0,0,1,1,0,0,0,0,1,0,0,107,0,1,0,1,1,1,0,0,0,0,0,0,0,0,0,0,0,0,0,0,0,0,0,220,10583,-1,26,"228
",0,0,0,0,0,0,0,18,112,2
1780485101.178166,0,0,1,1,0,0,0,0,1,0,0,123,0,1,0,1,1,1,0,0,0,0,0,0,0,0,0,0,0,0,0,0,0,0,0,220,10583,-1,26,"229
",0,0,0,0,0,0,0,18,112,2
1780485101.195166,0,0,1,1,0,0,0,0,1,0,0,107,0,1,0,1,1,1,0,0,0,0,0,0,0,0,0,0,0,0,0,0,0,0,0,220,10583,-1,26,"230
",0,0,0,0,0,0,0,18,112,2
1780485101.215168,0,0,1,1,0,0,0,0,1,0,0,107,0,1,0,1,1,1,0,0,0,0,0,0,0,0,0,0,0,0,0,0,0,0,0,220,10583,-1,26,"231
",0,0,0,0,0,0,0,18,112,2
1780485101.234169,0,0,1,1,0,0,0,0,1,0,0,107,0,1,0,1,1,1,0,0,0,0,0,0,0,0,0,0,0,0,0,0,0,0,0,220,10583,-1,26,"232
",0,0,0,0,0,0,0,18,112,2
1780485101.25417,0,0,1,1,0,0,0,0,1,0,0,107,0,1,0,1,1,1,0,0,0,0,0,0,0,0,0,0,0,0,0,0,0,0,0,220,10583,-1,26,"233
",0,0,0,0,0,0,0,18,112,2
1780485101.277171,0,0,1,1,0,0,0,0,1,0,0,107,0,1,0,1,1,1,0,0,0,0,0,0,0,0,0,0,0,0,0,0,0,0,0,220,10583,-1,26,"234
",0,0,0,0,0,0,0,18,112,1
1780485101.294172,0,0,1,1,0,0,0,0,1,0,0,107,0,1,0,1,1,1,0,0,0,0,0,0,0,0,0,0,0,0,0,0,0,0,0,220,10583,-1,26,"235
",0,0,0,0,0,0,0,18,112,2
1780485101.313173,0,0,1,1,0,0,0,0,1,0,0,107,0,1,0,1,1,1,0,0,0,0,0,0,0,0,0,0,0,0,0,0,0,0,0,220,10583,-1,26,"236
",0,0,0,0,0,0,0,18,112,2
1780485101.333174,0,0,1,1,0,0,0,0,1,0,0,107,0,1,0,1,1,1,0,0,0,0,0,0,0,0,0,0,0,0,0,0,0,0,0,220,10583,-1,26,"237
",0,0,0,0,0,0,0,18,112,2
1780485101.356176,0,0,1,1,0,0,0,0,1,0,0,107,0,1,0,1,1,1,0,0,0,0,0,0,0,0,0,0,0,0,0,0,0,0,0,220,10583,-1,26,"238
",0,0,0,0,0,0,0,18,112,2
1780485101.375177,0,0,1,1,0,0,0,0,1,0,0,107,0,1,0,1,1,1,0,0,0,0,0,0,0,0,0,0,0,0,0,0,0,0,0,220,10583,-1,26,"239
",0,0,0,0,0,0,0,18,112,2
1780485101.395178,0,0,1,1,0,0,0,0,1,0,0,106,0,1,0,1,1,1,0,0,0,0,0,0,0,0,0,0,0,0,0,0,0,0,0,220,10583,1,28,"240
",0,0,0,0,0,0,0,18,112,2
1780485101.412179,0,0,1,1,0,0,0,0,1,0,0,107,0,1,0,1,1,1,0,0,0,0,0,0,0,0,0,0,0,0,0,0,0,0,0,220,10583,-1,26,"241
",0,0,0,0,0,0,0,18,112,2
1780485101.43718,0,0,1,1,0,0,0,0,1,0,0,107,0,1,0,1,1,1,0,0,0,0,0,0,0,0,0,0,0,0,0,0,0,0,0,220,10583,-1,26,"242
",0,0,0,0,0,0,0,18,112,2
1780485101.451181,0,0,1,1,0,0,0,0,1,0,0,107,0,1,0,1,1,1,0,0,0,0,0,0,0,0,0,0,0,0,0,0,0,0,0,220,10583,-1,26,"243
",0,0,0,0,0,0,0,18,112,2
1780485101.472182,0,0,1,1,0,0,0,0,1,0,0,108,0,1,0,1,1,1,0,0,0,0,0,0,0,0,0,0,0,0,0,0,0,0,0,220,10583,-1,26,"244
",0,0,0,0,0,0,0,18,112,2
1780485101.492183,0,0,1,1,0,0,0,0,1,0,0,101,0,1,0,1,1,1,0,0,0,0,0,0,0,0,0,0,0,0,0,0,0,0,0,220,10583,-1,26,"245
",0,0,0,0,0,0,0,18,112,2
1780485101.517185,0,0,1,1,0,0,0,0,1,0,0,107,0,1,0,1,1,1,0,0,0,0,0,0,0,0,0,0,0,0,0,0,0,0,0,220,10583,-1,26,"246
",0,0,0,0,0,0,0,18,112,2
1780485101.531186,0,0,1,1,0,0,0,0,1,0,0,107,0,1,0,1,1,1,0,0,0,0,0,0,0,0,0,0,0,0,0,0,0,0,0,220,10583,-1,26,"247
",0,0,0,0,0,0,0,18,112,2
1780485101.552187,0,0,1,1,0,0,0,0,1,0,0,101,0,1,0,1,1,1,0,0,0,0,0,0,0,0,0,0,0,0,0,0,0,0,0,220,10583,-1,26,"248
",0,0,0,0,0,0,0,18,112,2
1780485101.571188,0,0,1,1,0,0,0,0,1,0,0,107,0,1,0,1,1,1,0,0,0,0,0,0,0,0,0,0,0,0,0,0,0,0,0,220,10583,-1,26,"249
",0,0,0,0,0,0,0,18,112,2
1780485101.590189,0,0,1,1,0,0,0,0,1,0,0,107,0,1,0,1,1,1,0,0,0,0,0,0,0,0,0,0,0,0,0,0,0,0,0,220,10583,-1,26,"250
",0,0,0,0,0,0,0,18,112,2
1780485101.60919,0,0,1,1,0,0,0,0,1,0,0,101,0,1,0,1,1,1,0,0,0,0,0,0,0,0,0,0,0,0,0,0,0,0,0,220,10583,-1,26,"251
",0,0,0,0,0,0,0,18,112,2
1780485101.629191,0,0,1,1,0,0,0,0,1,0,0,107,0,1,0,1,1,1,0,0,0,0,0,0,0,0,0,0,0,0,0,0,0,0,0,220,10583,-1,26,"252
",0,0,0,0,0,0,0,18,112,2
1780485101.649192,0,0,1,1,0,0,0,0,1,0,0,107,0,1,0,1,1,1,0,0,0,0,0,0,0,0,0,0,0,0,0,0,0,0,0,220,10583,-1,26,"253
",0,0,0,0,0,0,0,18,112,2
1780485101.671194,0,0,1,1,0,0,0,0,1,0,0,107,0,1,0,1,1,1,0,0,0,0,0,0,0,0,0,0,0,0,0,0,0,0,0,220,10583,-1,26,"254
",0,0,0,0,0,0,0,18,112,3
1780485101.689195,0,0,1,1,0,0,0,0,1,0,0,101,0,1,0,1,1,1,0,0,0,0,0,0,0,0,0,0,0,0,0,0,0,0,0,220,10583,2,28,"255
",0,0,0,0,0,0,0,18,112,3
1780485101.711196,0,0,1,1,0,0,0,0,1,0,0,107,0,1,0,1,1,1,0,0,0,0,0,0,0,0,0,0,0,0,0,0,0,0,0,220,10583,-1,26,"256
",0,0,0,0,0,0,0,18,112,3
1780485101.729197,0,0,1,1,0,0,0,0,1,0,0,107,0,1,0,1,1,1,0,0,0,0,0,0,0,0,0,0,0,0,0,0,0,0,0,220,10583,-1,26,"257
",0,0,0,0,0,0,0,18,112,2
1780485101.747198,0,0,1,1,0,0,0,0,1,0,0,108,0,1,0,1,1,1,0,0,0,0,0,0,0,0,0,0,0,0,0,0,0,0,0,220,10583,-1,26,"258
",0,0,0,0,0,0,0,18,112,2
1780485101.766199,0,0,1,1,0,0,0,0,1,0,0,108,0,1,0,1,1,1,0,0,0,0,0,0,0,0,0,0,0,0,0,0,0,0,0,220,10583,-1,26,"259
",0,0,0,0,0,0,0,18,112,3
1780485101.7872,0,0,1,1,0,0,0,0,1,0,0,107,0,1,0,1,1,1,0,0,0,0,0,0,0,0,0,0,0,0,0,0,0,0,0,220,10583,-1,26,"260
",0,0,0,0,0,0,0,18,112,2
1780485101.808202,0,0,1,1,0,0,0,0,1,0,0,107,0,1,0,1,1,1,0,0,0,0,0,0,0,0,0,0,0,0,0,0,0,0,0,220,10583,-1,26,"261
",0,0,0,0,0,0,0,18,112,2
1780485101.825203,0,0,1,1,0,0,0,0,1,0,0,107,0,1,0,1,1,1,0,0,0,0,0,0,0,0,0,0,0,0,0,0,0,0,0,220,10583,-1,26,"262
",0,0,0,0,0,0,0,18,112,2
1780485101.845204,0,0,1,1,0,0,0,0,1,0,0,100,0,1,0,1,1,1,0,0,0,0,0,0,0,0,0,0,0,0,0,0,0,0,0,220,10583,-1,26,"263
",0,0,0,0,0,0,0,18,112,2
1780485101.865205,0,0,1,1,0,0,0,0,1,0,0,107,0,1,0,1,1,1,0,0,0,0,0,0,0,0,0,0,0,0,0,0,0,0,0,220,10583,-1,26,"264
",0,0,0,0,0,0,0,18,112,2
1780485101.885206,0,0,1,1,0,0,0,0,1,0,0,107,0,1,0,1,1,1,0,0,0,0,0,0,0,0,0,0,0,0,0,0,0,0,0,220,10583,-1,26,"265
",0,0,0,0,0,0,0,18,112,2
1780485101.905207,0,0,1,1,0,0,0,0,1,0,0,107,0,1,0,1,1,1,0,0,0,0,0,0,0,0,0,0,0,0,0,0,0,0,0,220,10583,-1,26,"266
",0,0,0,0,0,0,0,18,112,2
1780485101.928208,0,0,1,1,0,0,0,0,1,0,0,107,0,1,0,1,1,1,0,0,0,0,0,0,0,0,0,0,0,0,0,0,0,0,0,220,10583,-1,26,"267
",0,0,0,0,0,0,0,18,112,2
1780485101.943209,0,0,1,1,0,0,0,0,1,0,0,107,0,1,0,1,1,1,0,0,0,0,0,0,0,0,0,0,0,0,0,0,0,0,0,220,10583,-1,26,"268
",0,0,0,0,0,0,0,18,112,2
1780485101.96321,0,0,1,1,0,0,0,0,1,0,0,107,0,1,0,1,1,1,0,0,0,0,0,0,0,0,0,0,0,0,0,0,0,0,0,220,10583,3,28,"269
",0,0,0,0,0,0,0,18,112,2
1780485101.983212,0,0,1,1,0,0,0,0,1,0,0,108,0,1,0,1,1,1,0,0,0,0,0,0,0,0,0,0,0,0,0,0,0,0,0,220,10583,-1,26,"270
",0,0,0,0,0,0,0,18,112,2
1780485102.004213,0,0,1,1,0,0,0,0,1,0,0,108,0,1,0,1,1,1,0,0,0,0,0,0,0,0,0,0,0,0,0,0,0,0,0,220,10583,-1,26,"271
",0,0,0,0,0,0,0,18,112,2
1780485102.022214,0,0,1,1,0,0,0,0,1,0,0,108,0,1,0,1,1,1,0,0,0,0,0,0,0,0,0,0,0,0,0,0,0,0,0,220,10583,-1,26,"272
",0,0,0,0,0,0,0,18,112,2
1780485102.043215,0,0,1,1,0,0,0,0,1,0,0,108,0,1,0,1,1,1,0,0,0,0,0,0,0,0,0,0,0,0,0,0,0,0,0,220,10583,-1,26,"273
",0,0,0,0,0,0,0,18,112,2
1780485102.061216,0,0,1,1,0,0,0,0,1,0,0,108,0,1,0,1,1,1,0,0,0,0,0,0,0,0,0,0,0,0,0,0,0,0,0,220,10583,-1,26,"274
",0,0,0,0,0,0,0,18,112,1
1780485102.081217,0,0,1,1,0,0,0,0,1,0,0,108,0,1,0,1,1,1,0,0,0,0,0,0,0,0,0,0,0,0,0,0,0,0,0,220,10583,-1,26,"275
",0,0,0,0,0,0,0,18,112,2
1780485102.101218,0,0,1,1,0,0,0,0,1,0,0,108,0,1,0,1,1,1,0,0,0,0,0,0,0,0,0,0,0,0,0,0,0,0,0,220,10583,-1,26,"276
",0,0,0,0,0,0,0,18,112,2
1780485102.121219,0,0,1,1,0,0,0,0,1,0,0,107,0,1,0,1,1,1,0,0,0,0,0,0,0,0,0,0,0,0,0,0,0,0,0,220,10583,-1,26,"277
",0,0,0,0,0,0,0,18,112,2
1780485102.145221,0,0,1,1,0,0,0,0,1,0,0,102,0,1,0,1,1,1,0,0,0,0,0,0,0,0,0,0,0,0,0,0,0,0,0,220,10583,-1,26,"278
",0,0,0,0,0,0,0,18,112,2
1780485102.160222,0,0,1,1,0,0,0,0,1,0,0,108,0,1,0,1,1,1,0,0,0,0,0,0,0,0,0,0,0,0,0,0,0,0,0,220,10583,-1,26,"279
",0,0,0,0,0,0,0,18,112,2
1780485102.180223,0,0,1,1,0,0,0,0,1,0,0,108,0,1,0,1,1,1,0,0,0,0,0,0,0,0,0,0,0,0,0,0,0,0,0,220,10583,-1,26,"280
",0,0,0,0,0,0,0,18,112,2
1780485102.202224,0,0,1,1,0,0,0,0,1,0,0,108,0,1,0,1,1,1,0,0,0,0,0,0,0,0,0,0,0,0,0,0,0,0,0,220,10583,-1,26,"281
",0,0,0,0,0,0,0,18,112,2
1780485102.228226,0,0,1,1,0,0,0,0,1,0,0,107,0,1,0,1,1,1,0,0,0,0,0,0,0,0,0,0,0,0,0,0,0,0,0,220,10583,-1,26,"282
",0,0,0,0,0,0,0,18,112,1
1780485102.239226,0,0,1,1,0,0,0,0,1,0,0,108,0,1,0,1,1,1,0,0,0,0,0,0,0,0,0,0,0,0,0,0,0,0,0,220,10583,-1,26,"283
",0,0,0,0,0,0,0,18,112,2
1780485102.258227,0,0,1,1,0,0,0,0,1,0,0,108,0,1,0,1,1,1,0,0,0,0,0,0,0,0,0,0,0,0,0,0,0,0,0,220,10583,4,28,"284
",0,0,0,0,0,0,0,18,112,2
1780485102.278228,0,0,1,1,0,0,0,0,1,0,0,108,0,1,0,1,1,1,0,0,0,0,0,0,0,0,0,0,0,0,0,0,0,0,0,220,10583,-1,26,"285
",0,0,0,0,0,0,0,18,112,2
1780485102.30023,0,0,1,1,0,0,0,0,1,0,0,109,0,1,0,1,1,1,0,0,0,0,0,0,0,0,0,0,0,0,0,0,0,0,0,220,10583,-1,26,"286
",0,0,0,0,0,0,0,18,112,2
1780485102.318231,0,0,1,1,0,0,0,0,1,0,0,109,0,1,0,1,1,1,0,0,0,0,0,0,0,0,0,0,0,0,0,0,0,0,0,220,10583,-1,26,"287
",0,0,0,0,0,0,0,18,112,2
1780485102.339232,0,0,1,1,0,0,0,0,1,0,0,107,0,1,0,1,1,1,0,0,0,0,0,0,0,0,0,0,0,0,0,0,0,0,0,220,10583,-1,26,"288
",0,0,0,0,0,0,0,18,112,2
1780485102.357233,0,0,1,1,0,0,0,0,1,0,0,102,0,1,0,1,1,1,0,0,0,0,0,0,0,0,0,0,0,0,0,0,0,0,0,220,10583,-1,26,"289
",0,0,0,0,0,0,0,18,112,2
1780485102.377234,0,0,1,1,0,0,0,0,1,0,0,108,0,1,0,1,1,1,0,0,0,0,0,0,0,0,0,0,0,0,0,0,0,0,0,220,10583,-1,26,"290
",0,0,0,0,0,0,0,18,112,2
1780485102.397235,0,0,1,1,0,0,0,0,1,0,0,108,0,1,0,1,1,1,0,0,0,0,0,0,0,0,0,0,0,0,0,0,0,0,0,220,10583,-1,26,"291
",0,0,0,0,0,0,0,18,112,2
1780485102.420237,0,0,1,1,0,0,0,0,1,0,0,108,0,1,0,1,1,1,0,0,0,0,0,0,0,0,0,0,0,0,0,0,0,0,0,220,10583,-1,26,"292
",0,0,0,0,0,0,0,18,112,1
1780485102.437238,0,0,1,1,0,0,0,0,1,0,0,108,0,1,0,1,1,1,0,0,0,0,0,0,0,0,0,0,0,0,0,0,0,0,0,220,10583,-1,26,"293
",0,0,0,0,0,0,0,18,112,2
1780485102.455239,0,0,1,1,0,0,0,0,1,0,0,108,0,1,0,1,1,1,0,0,0,0,0,0,0,0,0,0,0,0,0,0,0,0,0,220,10583,-1,26,"294
",0,0,0,0,0,0,0,18,112,2
1780485102.47524,0,0,1,1,0,0,0,0,1,0,0,101,0,1,0,1,1,1,0,0,0,0,0,0,0,0,0,0,0,0,0,0,0,0,0,220,10583,-1,26,"295
",0,0,0,0,0,0,0,18,112,2
1780485102.495241,0,0,1,1,0,0,0,0,1,0,0,109,0,1,0,1,1,1,0,0,0,0,0,0,0,0,0,0,0,0,0,0,0,0,0,220,10583,-1,26,"296
",0,0,0,0,0,0,0,18,112,2
1780485102.515242,0,0,1,1,0,0,0,0,1,0,0,108,0,1,0,1,1,1,0,0,0,0,0,0,0,0,0,0,0,0,0,0,0,0,0,220,10583,-1,26,"297
",0,0,0,0,0,0,0,18,112,2
1780485102.541243,0,0,1,1,0,0,0,0,1,0,0,108,0,1,0,1,1,1,0,0,0,0,0,0,0,0,0,0,0,0,0,0,0,0,0,220,10583,-1,26,"298
",0,0,0,0,0,0,0,18,112,2
1780485102.554244,0,0,1,1,0,0,0,0,1,0,0,108,0,1,0,1,1,1,0,0,0,0,0,0,0,0,0,0,0,0,0,0,0,0,0,220,10583,5,28,"299
",0,0,0,0,0,0,0,18,112,2
1780485102.574245,0,0,1,1,0,0,0,0,1,0,0,108,0,1,0,1,1,1,0,0,0,0,0,0,0,0,0,0,0,0,0,0,0,0,0,220,10583,-1,26,"300
",0,0,0,0,0,0,0,18,112,2
1780485102.593246,0,0,1,1,0,0,0,0,1,0,0,108,0,1,0,1,1,1,0,0,0,0,0,0,0,0,0,0,0,0,0,0,0,0,0,220,10583,-1,26,"301
",0,0,0,0,0,0,0,18,112,2
1780485102.631249,0,0,1,1,0,0,0,0,1,0,0,108,0,1,0,1,1,1,0,0,0,0,0,0,0,0,0,0,0,0,0,0,0,0,0,220,10583,-1,26,"302
",0,0,0,0,0,0,0,18,112,2
1780485102.634249,0,0,1,1,0,0,0,0,1,0,0,102,0,1,0,1,1,1,0,0,0,0,0,0,0,0,0,0,0,0,0,0,0,0,0,220,10583,-1,26,"303
",0,0,0,0,0,0,0,18,112,2
1780485102.65225,0,0,1,1,0,0,0,0,1,0,0,109,0,1,0,1,1,1,0,0,0,0,0,0,0,0,0,0,0,0,0,0,0,0,0,220,10583,-1,26,"304
",0,0,0,0,0,0,0,18,112,2
1780485102.672251,0,0,1,1,0,0,0,0,1,0,0,108,0,1,0,1,1,1,0,0,0,0,0,0,0,0,0,0,0,0,0,0,0,0,0,220,10583,-1,26,"305
",0,0,0,0,0,0,0,18,112,2
1780485102.692252,0,0,1,1,0,0,0,0,1,0,0,102,0,1,0,1,1,1,0,0,0,0,0,0,0,0,0,0,0,0,0,0,0,0,0,220,10583,-1,26,"306
",0,0,0,0,0,0,0,18,112,2
1780485102.730254,0,0,1,1,0,0,0,0,1,0,0,108,0,1,0,1,1,1,0,0,0,0,0,0,0,0,0,0,0,0,0,0,0,0,0,220,10583,-1,26,"307
",0,0,0,0,0,0,0,18,112,2
1780485102.732254,0,0,1,1,0,0,0,0,1,0,0,108,0,1,0,1,1,1,0,0,0,0,0,0,0,0,0,0,0,0,0,0,0,0,0,220,10583,-1,26,"308
",0,0,0,0,0,0,0,18,112,1
1780485102.750255,0,0,1,1,0,0,0,0,1,0,0,108,0,1,0,1,1,1,0,0,0,0,0,0,0,0,0,0,0,0,0,0,0,0,0,220,10583,-1,26,"309
",0,0,0,0,0,0,0,18,112,2
1780485102.770257,0,0,1,1,0,0,0,0,1,0,0,108,0,1,0,1,1,1,0,0,0,0,0,0,0,0,0,0,0,0,0,0,0,0,0,220,10583,-1,26,"310
",0,0,0,0,0,0,0,18,112,2
1780485102.789258,0,0,1,1,0,0,0,0,1,0,0,108,0,1,0,1,1,1,0,0,0,0,0,0,0,0,0,0,0,0,0,0,0,0,0,220,10583,-1,26,"311
",0,0,0,0,0,0,0,18,112,2
1780485102.810259,0,0,1,1,0,0,0,0,1,0,0,108,0,1,0,1,1,1,0,0,0,0,0,0,0,0,0,0,0,0,0,0,0,0,0,220,10583,-1,26,"312
",0,0,0,0,0,0,0,18,112,1
1780485102.83126,0,0,1,1,0,0,0,0,1,0,0,108,0,1,0,1,1,1,0,0,0,0,0,0,0,0,0,0,0,0,0,0,0,0,0,220,10583,-1,26,"313
",0,0,0,0,0,0,0,18,112,2
1780485102.849261,0,0,1,1,0,0,0,0,1,0,0,107,0,1,0,1,1,1,0,0,0,0,0,0,0,0,0,0,0,0,0,0,0,0,0,220,10583,0,28,"314
",0,0,0,0,0,0,0,18,112,1
1780485102.877263,0,0,1,1,0,0,0,0,1,0,0,107,0,1,0,1,1,1,0,0,0,0,0,0,0,0,0,0,0,0,0,0,0,0,0,220,10583,-1,26,"315
",0,0,0,0,0,0,0,18,112,2
1780485102.888263,0,0,1,1,0,0,0,0,1,0,0,107,0,1,0,1,1,1,0,0,0,0,0,0,0,0,0,0,0,0,0,0,0,0,0,220,10583,-1,26,"316
",0,0,0,0,0,0,0,18,112,2
1780485102.908264,0,0,1,1,0,0,0,0,1,0,0,107,0,1,0,1,1,1,0,0,0,0,0,0,0,0,0,0,0,0,0,0,0,0,0,220,10583,-1,26,"317
",0,0,0,0,0,0,0,18,112,2
1780485102.931266,0,0,1,1,0,0,0,0,1,0,0,107,0,1,0,1,1,1,0,0,0,0,0,0,0,0,0,0,0,0,0,0,0,0,0,220,10583,-1,26,"318
",0,0,0,0,0,0,0,18,112,1
1780485102.948267,0,0,1,1,0,0,0,0,1,0,0,107,0,1,0,1,1,1,0,0,0,0,0,0,0,0,0,0,0,0,0,0,0,0,0,220,10583,-1,26,"319
",0,0,0,0,0,0,0,18,112,2
1780485102.966268,0,0,1,1,0,0,0,0,1,0,0,106,0,1,0,1,1,1,0,0,0,0,0,0,0,0,0,0,0,0,0,0,0,0,0,220,10583,-1,26,"320
",0,0,0,0,0,0,0,18,112,2
1780485102.986269,0,0,1,1,0,0,0,0,1,0,0,107,0,1,0,1,1,1,0,0,0,0,0,0,0,0,0,0,0,0,0,0,0,0,0,220,10583,-1,26,"321
",0,0,0,0,0,0,0,18,112,2
1780485103.00627,0,0,1,1,0,0,0,0,1,0,0,108,0,1,0,1,1,1,0,0,0,0,0,0,0,0,0,0,0,0,0,0,0,0,0,220,10583,-1,26,"322
",0,0,0,0,0,0,0,18,112,2
1780485103.025271,0,0,1,1,0,0,0,0,1,0,0,107,0,1,0,1,1,1,0,0,0,0,0,0,0,0,0,0,0,0,0,0,0,0,0,220,10583,-1,26,"323
",0,0,0,0,0,0,0,18,112,1
1780485103.045272,0,0,1,1,0,0,0,0,1,0,0,107,0,1,0,1,1,1,0,0,0,0,0,0,0,0,0,0,0,0,0,0,0,0,0,220,10583,-1,26,"324
",0,0,0,0,0,0,0,18,112,1
1780485103.065273,0,0,1,1,0,0,0,0,1,0,0,107,0,1,0,1,1,1,0,0,0,0,0,0,0,0,0,0,0,0,0,0,0,0,0,220,10583,-1,26,"325
",0,0,0,0,0,0,0,18,112,2
1780485103.085275,0,0,1,1,0,0,0,0,1,0,0,107,0,1,0,1,1,1,0,0,0,0,0,0,0,0,0,0,0,0,0,0,0,0,0,220,10583,-1,26,"326
",0,0,0,0,0,0,0,18,112,2
1780485103.104276,0,0,1,1,0,0,0,0,1,0,0,107,0,1,0,1,1,1,0,0,0,0,0,0,0,0,0,0,0,0,0,0,0,0,0,220,10583,-1,26,"327
",0,0,0,0,0,0,0,18,112,2
1780485103.126277,0,0,1,1,0,0,0,0,1,0,0,107,0,1,0,1,1,1,0,0,0,0,0,0,0,0,0,0,0,0,0,0,0,0,0,220,10583,-1,26,"328
",0,0,0,0,0,0,0,18,112,2
1780485103.143278,0,0,1,1,0,0,0,0,1,0,0,107,0,1,0,1,1,1,0,0,0,0,0,0,0,0,0,0,0,0,0,0,0,0,0,220,10583,1,28,"329
",0,0,0,0,0,0,0,18,112,2
1780485103.163279,0,0,1,1,0,0,0,0,1,0,0,107,0,1,0,1,1,1,0,0,0,0,0,0,0,0,0,0,0,0,0,0,0,0,0,220,10583,-1,26,"330
",0,0,0,0,0,0,0,18,112,2
1780485103.18328,0,0,1,1,0,0,0,0,1,0,0,107,0,1,0,1,1,1,0,0,0,0,0,0,0,0,0,0,0,0,0,0,0,0,0,220,10583,-1,26,"331
",0,0,0,0,0,0,0,18,112,2
1780485103.202281,0,0,1,1,0,0,0,0,1,0,0,107,0,1,0,1,1,1,0,0,0,0,0,0,0,0,0,0,0,0,0,0,0,0,0,220,10583,-1,26,"332
",0,0,0,0,0,0,0,18,112,2
1780485103.225283,0,0,1,1,0,0,0,0,1,0,0,107,0,1,0,1,1,1,0,0,0,0,0,0,0,0,0,0,0,0,0,0,0,0,0,220,10583,-1,26,"333
",0,0,0,0,0,0,0,18,112,3
1780485103.243284,0,0,1,1,0,0,0,0,1,0,0,107,0,1,0,1,1,1,0,0,0,0,0,0,0,0,0,0,0,0,0,0,0,0,0,220,10583,-1,26,"334
",0,0,0,0,0,0,0,18,112,3
1780485103.261285,0,0,1,1,0,0,0,0,1,0,0,106,0,1,0,1,1,1,0,0,0,0,0,0,0,0,0,0,0,0,0,0,0,0,0,220,10583,-1,26,"335
",0,0,0,0,0,0,0,18,112,2
1780485103.281286,0,0,1,1,0,0,0,0,1,0,0,107,0,1,0,1,1,1,0,0,0,0,0,0,0,0,0,0,0,0,0,0,0,0,0,220,10583,-1,26,"336
",0,0,0,0,0,0,0,18,112,2
1780485103.301287,0,0,1,1,0,0,0,0,1,0,0,107,0,1,0,1,1,1,0,0,0,0,0,0,0,0,0,0,0,0,0,0,0,0,0,220,10583,-1,26,"337
",0,0,0,0,0,0,0,18,112,2
1780485103.322288,0,0,1,1,0,0,0,0,1,0,0,107,0,1,0,1,1,1,0,0,0,0,0,0,0,0,0,0,0,0,0,0,0,0,0,220,10583,-1,26,"338
",0,0,0,0,0,0,0,18,112,2
1780485103.340289,0,0,1,1,0,0,0,0,1,0,0,107,0,1,0,1,1,1,0,0,0,0,0,0,0,0,0,0,0,0,0,0,0,0,0,220,10583,-1,26,"339
",0,0,0,0,0,0,0,18,112,2
1780485103.36329,0,0,1,1,0,0,0,0,1,0,0,107,0,1,0,1,1,1,0,0,0,0,0,0,0,0,0,0,0,0,0,0,0,0,0,220,10583,-1,26,"340
",0,0,0,0,0,0,0,18,112,2
1780485103.384292,0,0,1,1,0,0,0,0,1,0,0,108,0,1,0,1,1,1,0,0,0,0,0,0,0,0,0,0,0,0,0,0,0,0,0,220,10583,-1,26,"341
",0,0,0,0,0,0,0,18,112,2
1780485103.400293,0,0,1,1,0,0,0,0,1,0,0,107,0,1,0,1,1,1,0,0,0,0,0,0,0,0,0,0,0,0,0,0,0,0,0,220,10583,-1,26,"342
",0,0,0,0,0,0,0,18,112,2
1780485103.420294,0,0,1,1,0,0,0,0,1,0,0,107,0,1,0,1,1,1,0,0,0,0,0,0,0,0,0,0,0,0,0,0,0,0,0,220,10583,2,28,"343
",0,0,0,0,0,0,0,18,112,2
1780485103.439295,0,0,1,1,0,0,0,0,1,0,0,107,0,1,0,1,1,1,0,0,0,0,0,0,0,0,0,0,0,0,0,0,0,0,0,220,10583,-1,26,"344
",0,0,0,0,0,0,0,18,112,2
1780485103.459296,0,0,1,1,0,0,0,0,1,0,0,107,0,1,0,1,1,1,0,0,0,0,0,0,0,0,0,0,0,0,0,0,0,0,0,220,10583,-1,26,"345
",0,0,0,0,0,0,0,18,112,2
1780485103.478297,0,0,1,1,0,0,0,0,1,0,0,106,0,1,0,1,1,1,0,0,0,0,0,0,0,0,0,0,0,0,0,0,0,0,0,220,10583,-1,26,"346
",0,0,0,0,0,0,0,18,112,2
1780485103.498298,0,0,1,1,0,0,0,0,1,0,0,107,0,1,0,1,1,1,0,0,0,0,0,0,0,0,0,0,0,0,0,0,0,0,0,220,10583,-1,26,"347
",0,0,0,0,0,0,0,18,112,2
1780485103.518299,0,0,1,1,0,0,0,0,1,0,0,108,0,1,0,1,1,1,0,0,0,0,0,0,0,0,0,0,0,0,0,0,0,0,0,220,10583,-1,26,"348
",0,0,0,0,0,0,0,18,112,2
1780485103.546301,0,0,1,1,0,0,0,0,1,0,0,107,0,1,0,1,1,1,0,0,0,0,0,0,0,0,0,0,0,0,0,0,0,0,0,220,10583,-1,26,"349
",0,0,0,0,0,0,0,18,112,2
1780485103.557302,0,0,1,1,0,0,0,0,1,0,0,101,0,1,0,1,1,1,0,0,0,0,0,0,0,0,0,0,0,0,0,0,0,0,0,220,10583,-1,26,"350
",0,0,0,0,0,0,0,18,112,2
1780485103.577303,0,0,1,1,0,0,0,0,1,0,0,101,0,1,0,1,1,1,0,0,0,0,0,0,0,0,0,0,0,0,0,0,0,0,0,220,10583,-1,26,"351
",0,0,0,0,0,0,0,18,112,2
1780485103.596304,0,0,1,1,0,0,0,0,1,0,0,107,0,1,0,1,1,1,0,0,0,0,0,0,0,0,0,0,0,0,0,0,0,0,0,220,10583,-1,26,"352
",0,0,0,0,0,0,0,18,112,2
1780485103.616305,0,0,1,1,0,0,0,0,1,0,0,100,0,1,0,1,1,1,0,0,0,0,0,0,0,0,0,0,0,0,0,0,0,0,0,220,10583,-1,26,"353
",0,0,0,0,0,0,0,18,112,2
1780485103.637306,0,0,1,1,0,0,0,0,1,0,0,107,0,1,0,1,1,1,0,0,0,0,0,0,0,0,0,0,0,0,0,0,0,0,0,220,10583,-1,26,"354
",0,0,0,0,0,0,0,18,112,2
1780485103.655307,0,0,1,1,0,0,0,0,1,0,0,107,0,1,0,1,1,1,0,0,0,0,0,0,0,0,0,0,0,0,0,0,0,0,0,220,10583,-1,26,"355
",0,0,0,0,0,0,0,18,112,2
1780485103.675308,0,0,1,1,0,0,0,0,1,0,0,107,0,1,0,1,1,1,0,0,0,0,0,0,0,0,0,0,0,0,0,0,0,0,0,220,10583,-1,26,"356
",0,0,0,0,0,0,0,18,112,2
1780485103.695309,0,0,1,1,0,0,0,0,1,0,0,107,0,1,0,1,1,1,0,0,0,0,0,0,0,0,0,0,0,0,0,0,0,0,0,220,10583,-1,26,"357
",0,0,0,0,0,0,0,18,112,2
1780485103.715311,0,0,1,1,0,0,0,0,1,0,0,108,0,1,0,1,1,1,0,0,0,0,0,0,0,0,0,0,0,0,0,0,0,0,0,220,10583,3,28,"358
",0,0,0,0,0,0,0,18,112,2
1780485103.734312,0,0,1,1,0,0,0,0,1,0,0,109,0,1,0,1,1,1,0,0,0,0,0,0,0,0,0,0,0,0,0,0,0,0,0,220,10583,-1,26,"359
",0,0,0,0,0,0,0,18,112,3
1780485103.754313,0,0,1,1,0,0,0,0,1,0,0,108,0,1,0,1,1,1,0,0,0,0,0,0,0,0,0,0,0,0,0,0,0,0,0,220,10583,-1,26,"360
",0,0,0,0,0,0,0,18,112,2
1780485103.773314,0,0,1,1,0,0,0,0,1,0,0,108,0,1,0,1,1,1,0,0,0,0,0,0,0,0,0,0,0,0,0,0,0,0,0,220,10583,-1,26,"361
",0,0,0,0,0,0,0,18,112,2
1780485103.793315,0,0,1,1,0,0,0,0,1,0,0,107,0,1,0,1,1,1,0,0,0,0,0,0,0,0,0,0,0,0,0,0,0,0,0,220,10583,-1,26,"362
",0,0,0,0,0,0,0,18,112,3
1780485103.813316,0,0,1,1,0,0,0,0,1,0,0,108,0,1,0,1,1,1,0,0,0,0,0,0,0,0,0,0,0,0,0,0,0,0,0,220,10583,-1,26,"363
",0,0,0,0,0,0,0,18,112,2
1780485103.834317,0,0,1,1,0,0,0,0,1,0,0,102,0,1,0,1,1,1,0,0,0,0,0,0,0,0,0,0,0,0,0,0,0,0,0,220,10583,-1,26,"364
",0,0,0,0,0,0,0,18,112,3
1780485103.853319,0,0,1,1,0,0,0,0,1,0,0,102,0,1,0,1,1,1,0,0,0,0,0,0,0,0,0,0,0,0,0,0,0,0,0,220,10583,-1,26,"365
",0,0,0,0,0,0,0,18,112,3
1780485103.87532,0,0,1,1,0,0,0,0,1,0,0,108,0,1,0,1,1,1,0,0,0,0,0,0,0,0,0,0,0,0,0,0,0,0,0,220,10583,-1,26,"366
",0,0,0,0,0,0,0,18,112,3
1780485103.891321,0,0,1,1,0,0,0,0,1,0,0,108,0,1,0,1,1,1,0,0,0,0,0,0,0,0,0,0,0,0,0,0,0,0,0,220,10583,-1,26,"367
",0,0,0,0,0,0,0,18,112,3
1780485103.911322,0,0,1,1,0,0,0,0,1,0,0,108,0,1,0,1,1,1,0,0,0,0,0,0,0,0,0,0,0,0,0,0,0,0,0,220,10583,-1,26,"368
",0,0,0,0,0,0,0,18,112,3
1780485103.932323,0,0,1,1,0,0,0,0,1,0,0,108,0,1,0,1,1,1,0,0,0,0,0,0,0,0,0,0,0,0,0,0,0,0,0,220,10583,-1,26,"369
",0,0,0,0,0,0,0,18,112,3
1780485103.954324,0,0,1,1,0,0,0,0,1,0,0,108,0,1,0,1,1,1,0,0,0,0,0,0,0,0,0,0,0,0,0,0,0,0,0,220,10583,-1,26,"370
",0,0,0,0,0,0,0,18,112,2
1780485103.970325,0,0,1,1,0,0,0,0,1,0,0,108,0,1,0,1,1,1,0,0,0,0,0,0,0,0,0,0,0,0,0,0,0,0,0,220,10583,-1,26,"371
",0,0,0,0,0,0,0,18,112,3
1780485103.990326,0,0,1,1,0,0,0,0,1,0,0,108,0,1,0,1,1,1,0,0,0,0,0,0,0,0,0,0,0,0,0,0,0,0,0,220,10583,4,28,"372
",0,0,0,0,0,0,0,18,112,2
1780485104.010327,0,0,1,1,0,0,0,0,1,0,0,108,0,1,0,1,1,1,0,0,0,0,0,0,0,0,0,0,0,0,0,0,0,0,0,220,10583,-1,26,"373
",0,0,0,0,0,0,0,18,112,3
1780485104.029329,0,0,1,1,0,0,0,0,1,0,0,108,0,1,0,1,1,1,0,0,0,0,0,0,0,0,0,0,0,0,0,0,0,0,0,220,10583,-1,26,"374
",0,0,0,0,0,0,0,18,112,2
1780485104.064331,0,0,1,1,0,0,0,0,1,0,0,107,0,1,0,1,1,1,0,0,0,0,0,0,0,0,0,0,0,0,0,0,0,0,0,220,10583,-1,26,"375
",0,0,0,0,0,0,0,18,112,2
1780485104.069331,0,0,1,1,0,0,0,0,1,0,0,108,0,1,0,1,1,1,0,0,0,0,0,0,0,0,0,0,0,0,0,0,0,0,0,220,10583,-1,26,"376
",0,0,0,0,0,0,0,18,112,2
1780485104.088332,0,0,1,1,0,0,0,0,1,0,0,107,0,1,0,1,1,1,0,0,0,0,0,0,0,0,0,0,0,0,0,0,0,0,0,220,10583,-1,26,"377
",0,0,0,0,0,0,0,18,112,2
1780485104.108333,0,0,1,1,0,0,0,0,1,0,0,108,0,1,0,1,1,1,0,0,0,0,0,0,0,0,0,0,0,0,0,0,0,0,0,220,10583,-1,26,"378
",0,0,0,0,0,0,0,18,113,2
1780485104.128334,0,0,1,1,0,0,0,0,1,0,0,108,0,1,0,1,1,1,0,0,0,0,0,0,0,0,0,0,0,0,0,0,0,0,0,220,10583,-1,26,"379
",0,0,0,0,0,0,0,18,112,2
1780485104.149335,0,0,1,1,0,0,0,0,1,0,0,108,0,1,0,1,1,1,0,0,0,0,0,0,0,0,0,0,0,0,0,0,0,0,0,220,10583,-1,26,"380
",0,0,0,0,0,0,0,18,112,1
1780485104.167336,0,0,1,1,0,0,0,0,1,0,0,108,0,1,0,1,1,1,0,0,0,0,0,0,0,0,0,0,0,0,0,0,0,0,0,220,10583,-1,26,"381
",0,0,0,0,0,0,0,18,112,2
1780485104.187338,0,0,1,1,0,0,0,0,1,0,0,102,0,1,0,1,1,1,0,0,0,0,0,0,0,0,0,0,0,0,0,0,0,0,0,220,10583,-1,26,"382
",0,0,0,0,0,0,0,18,112,2
1780485104.206339,0,0,1,1,0,0,0,0,1,0,0,107,0,1,0,1,1,1,0,0,0,0,0,0,0,0,0,0,0,0,0,0,0,0,0,220,10583,-1,26,"383
",0,0,0,0,0,0,0,18,112,2
1780485104.22634,0,0,1,1,0,0,0,0,1,0,0,108,0,1,0,1,1,1,0,0,0,0,0,0,0,0,0,0,0,0,0,0,0,0,0,220,10583,-1,26,"384
",0,0,0,0,0,0,0,18,112,2
1780485104.250341,0,0,1,1,0,0,0,0,1,0,0,107,0,1,0,1,1,1,0,0,0,0,0,0,0,0,0,0,0,0,0,0,0,0,0,220,10583,-1,26,"385
",0,0,0,0,0,0,0,18,112,2
1780485104.265342,0,0,1,1,0,0,0,0,1,0,0,108,0,1,0,1,1,1,0,0,0,0,0,0,0,0,0,0,0,0,0,0,0,0,0,220,10583,-1,26,"386
",0,0,0,0,0,0,0,18,112,2
1780485104.285343,0,0,1,1,0,0,0,0,1,0,0,109,0,1,0,1,1,1,0,0,0,0,0,0,0,0,0,0,0,0,0,0,0,0,0,220,10583,5,28,"387
",0,0,0,0,0,0,0,18,112,2
1780485104.305344,0,0,1,1,0,0,0,0,1,0,0,108,0,1,0,1,1,1,0,0,0,0,0,0,0,0,0,0,0,0,0,0,0,0,0,220,10583,-1,26,"388
",0,0,0,0,0,0,0,18,112,2
1780485104.324345,0,0,1,1,0,0,0,0,1,0,0,108,0,1,0,1,1,1,0,0,0,0,0,0,0,0,0,0,0,0,0,0,0,0,0,220,10583,-1,26,"389
",0,0,0,0,0,0,0,18,112,2
1780485104.345347,0,0,1,1,0,0,0,0,1,0,0,108,0,1,0,1,1,1,0,0,0,0,0,0,0,0,0,0,0,0,0,0,0,0,0,220,10583,-1,26,"390
",0,0,0,0,0,0,0,18,112,2
1780485104.365348,0,0,1,1,0,0,0,0,1,0,0,108,0,1,0,1,1,1,0,0,0,0,0,0,0,0,0,0,0,0,0,0,0,0,0,220,10583,-1,26,"391
",0,0,0,0,0,0,0,18,112,2
1780485104.384349,0,0,1,1,0,0,0,0,1,0,0,102,0,1,0,1,1,1,0,0,0,0,0,0,0,0,0,0,0,0,0,0,0,0,0,220,10583,-1,26,"392
",0,0,0,0,0,0,0,18,112,1
1780485104.40435,0,0,1,1,0,0,0,0,1,0,0,108,0,1,0,1,1,1,0,0,0,0,0,0,0,0,0,0,0,0,0,0,0,0,0,220,10583,-1,26,"393
",0,0,0,0,0,0,0,18,112,2
1780485104.423351,0,0,1,1,0,0,0,0,1,0,0,108,0,1,0,1,1,1,0,0,0,0,0,0,0,0,0,0,0,0,0,0,0,0,0,220,10583,-1,26,"394
",0,0,0,0,0,0,0,18,112,2
1780485104.444352,0,0,1,1,0,0,0,0,1,0,0,108,0,1,0,1,1,1,0,0,0,0,0,0,0,0,0,0,0,0,0,0,0,0,0,220,10583,-1,26,"395
",0,0,0,0,0,0,0,18,112,2
1780485104.465354,0,0,1,1,0,0,0,0,1,0,0,108,0,1,0,1,1,1,0,0,0,0,0,0,0,0,0,0,0,0,0,0,0,0,0,220,10583,-1,26,"396
",0,0,0,0,0,0,0,18,112,1
1780485104.485355,0,0,1,1,0,0,0,0,1,0,0,108,0,1,0,1,1,1,0,0,0,0,0,0,0,0,0,0,0,0,0,0,0,0,0,220,10583,-1,26,"397
",0,0,0,0,0,0,0,18,112,2
1780485104.502356,0,0,1,1,0,0,0,0,1,0,0,107,0,1,0,1,1,1,0,0,0,0,0,0,0,0,0,0,0,0,0,0,0,0,0,220,10583,-1,26,"398
",0,0,0,0,0,0,0,18,112,2
1780485104.522357,0,0,1,1,0,0,0,0,1,0,0,108,0,1,0,1,1,1,0,0,0,0,0,0,0,0,0,0,0,0,0,0,0,0,0,220,10583,-1,26,"399
",0,0,0,0,0,0,0,18,112,2
1780485104.543358,0,0,1,1,0,0,0,0,1,0,0,108,0,1,0,1,1,1,0,0,0,0,0,0,0,0,0,0,0,0,0,0,0,0,0,220,10583,-1,26,"400
",0,0,0,0,0,0,0,18,112,2
1780485104.561359,0,0,1,1,0,0,0,0,1,0,0,108,0,1,0,1,1,1,0,0,0,0,0,0,0,0,0,0,0,0,0,0,0,0,0,220,10583,-1,26,"401
",0,0,0,0,0,0,0,18,112,2
1780485104.58136,0,0,1,1,0,0,0,0,1,0,0,108,0,1,0,1,1,1,0,0,0,0,0,0,0,0,0,0,0,0,0,0,0,0,0,220,10583,0,28,"402
",0,0,0,0,0,0,0,18,112,1
1780485104.600361,0,0,1,1,0,0,0,0,1,0,0,107,0,1,0,1,1,1,0,0,0,0,0,0,0,0,0,0,0,0,0,0,0,0,0,220,10583,-1,26,"403
",0,0,0,0,0,0,0,18,112,2
1780485104.620362,0,0,1,1,0,0,0,0,1,0,0,108,0,1,0,1,1,1,0,0,0,0,0,0,0,0,0,0,0,0,0,0,0,0,0,220,10583,-1,26,"404
",0,0,0,0,0,0,0,18,112,2
1780485104.640364,0,0,1,1,0,0,0,0,1,0,0,107,0,1,0,1,1,1,0,0,0,0,0,0,0,0,0,0,0,0,0,0,0,0,0,220,10583,-1,26,"405
",0,0,0,0,0,0,0,18,112,2
1780485104.661365,0,0,1,1,0,0,0,0,1,0,0,108,0,1,0,1,1,1,0,0,0,0,0,0,0,0,0,0,0,0,0,0,0,0,0,220,10583,-1,26,"406
",0,0,0,0,0,0,0,18,112,2
1780485104.679366,0,0,1,1,0,0,0,0,1,0,0,107,0,1,0,1,1,1,0,0,0,0,0,0,0,0,0,0,0,0,0,0,0,0,0,220,10583,-1,26,"407
",0,0,0,0,0,0,0,18,112,2
1780485104.699367,0,0,1,1,0,0,0,0,1,0,0,106,0,1,0,1,1,1,0,0,0,0,0,0,0,0,0,0,0,0,0,0,0,0,0,220,10583,-1,26,"408
",0,0,0,0,0,0,0,18,112,2
1780485104.718368,0,0,1,1,0,0,0,0,1,0,0,107,0,1,0,1,1,1,0,0,0,0,0,0,0,0,0,0,0,0,0,0,0,0,0,220,10583,-1,26,"409
",0,0,0,0,0,0,0,18,112,2
1780485104.738369,0,0,1,1,0,0,0,0,1,0,0,108,0,1,0,1,1,1,0,0,0,0,0,0,0,0,0,0,0,0,0,0,0,0,0,220,10583,-1,26,"410
",0,0,0,0,0,0,0,18,113,1
1780485104.762371,0,0,1,1,0,0,0,0,1,0,0,107,0,1,0,1,1,1,0,0,0,0,0,0,0,0,0,0,0,0,0,0,0,0,0,220,10583,-1,26,"411
",0,0,0,0,0,0,0,18,112,2
1780485104.777371,0,0,1,1,0,0,0,0,1,0,0,107,0,1,0,1,1,1,0,0,0,0,0,0,0,0,0,0,0,0,0,0,0,0,0,220,10583,-1,26,"412
",0,0,0,0,0,0,0,18,112,1
1780485104.797373,0,0,1,1,0,0,0,0,1,0,0,107,0,1,0,1,1,1,0,0,0,0,0,0,0,0,0,0,0,0,0,0,0,0,0,220,10583,-1,26,"413
",0,0,0,0,0,0,0,18,112,2
1780485104.817374,0,0,1,1,0,0,0,0,1,0,0,107,0,1,0,1,1,1,0,0,0,0,0,0,0,0,0,0,0,0,0,0,0,0,0,220,10583,-1,26,"414
",0,0,0,0,0,0,0,18,112,2
1780485104.837375,0,0,1,1,0,0,0,0,1,0,0,100,0,1,0,1,1,1,0,0,0,0,0,0,0,0,0,0,0,0,0,0,0,0,0,220,10583,-1,26,"415
",0,0,0,0,0,0,0,18,112,2
1780485104.856376,0,0,1,1,0,0,0,0,1,0,0,107,0,1,0,1,1,1,0,0,0,0,0,0,0,0,0,0,0,0,0,0,0,0,0,220,10583,-1,26,"416
",0,0,0,0,0,0,0,18,112,2
1780485104.881377,0,0,1,1,0,0,0,0,1,0,0,107,0,1,0,1,1,1,0,0,0,0,0,0,0,0,0,0,0,0,0,0,0,0,0,220,10583,1,28,"417
",0,0,0,0,0,0,0,18,112,2
1780485104.900378,0,0,1,1,0,0,0,0,1,0,0,107,0,1,0,1,1,1,0,0,0,0,0,0,0,0,0,0,0,0,0,0,0,0,0,220,10583,-1,26,"418
",0,0,0,0,0,0,0,18,112,2
1780485104.916379,0,0,1,1,0,0,0,0,1,0,0,107,0,1,0,1,1,1,0,0,0,0,0,0,0,0,0,0,0,0,0,0,0,0,0,220,10583,-1,26,"419
",0,0,0,0,0,0,0,18,112,2
1780485104.93538,0,0,1,1,0,0,0,0,1,0,0,107,0,1,0,1,1,1,0,0,0,0,0,0,0,0,0,0,0,0,0,0,0,0,0,220,10583,-1,26,"420
",0,0,0,0,0,0,0,18,112,1
1780485104.955382,0,0,1,1,0,0,0,0,1,0,0,107,0,1,0,1,1,1,0,0,0,0,0,0,0,0,0,0,0,0,0,0,0,0,0,220,10583,-1,26,"421
",0,0,0,0,0,0,0,18,112,2
1780485104.975383,0,0,1,1,0,0,0,0,1,0,0,107,0,1,0,1,1,1,0,0,0,0,0,0,0,0,0,0,0,0,0,0,0,0,0,220,10583,-1,26,"422
",0,0,0,0,0,0,0,18,112,2
1780485104.994384,0,0,1,1,0,0,0,0,1,0,0,107,0,1,0,1,1,1,0,0,0,0,0,0,0,0,0,0,0,0,0,0,0,0,0,220,10583,-1,26,"423
",0,0,0,0,0,0,0,18,112,3
1780485105.014385,0,0,1,1,0,0,0,0,1,0,0,107,0,1,0,1,1,1,0,0,0,0,0,0,0,0,0,0,0,0,0,0,0,0,0,220,10583,-1,26,"424
",0,0,0,0,0,0,0,18,112,2
1780485105.034386,0,0,1,1,0,0,0,0,1,0,0,108,0,1,0,1,1,1,0,0,0,0,0,0,0,0,0,0,0,0,0,0,0,0,0,220,10583,-1,26,"425
",0,0,0,0,0,0,0,18,112,2
1780485105.053387,0,0,1,1,0,0,0,0,1,0,0,101,0,1,0,1,1,1,0,0,0,0,0,0,0,0,0,0,0,0,0,0,0,0,0,220,10583,-1,26,"426
",0,0,0,0,0,0,0,18,112,2
1780485105.077389,0,0,1,1,0,0,0,0,1,0,0,107,0,1,0,1,1,1,0,0,0,0,0,0,0,0,0,0,0,0,0,0,0,0,0,220,10583,-1,26,"427
",0,0,0,0,0,0,0,18,112,2
1780485105.09739,0,0,1,1,0,0,0,0,1,0,0,107,0,1,0,1,1,1,0,0,0,0,0,0,0,0,0,0,0,0,0,0,0,0,0,220,10583,-1,26,"428
",0,0,0,0,0,0,0,18,112,2
1780485105.113391,0,0,1,1,0,0,0,0,1,0,0,107,0,1,0,1,1,1,0,0,0,0,0,0,0,0,0,0,0,0,0,0,0,0,0,220,10583,-1,26,"429
",0,0,0,0,0,0,0,18,112,2
1780485105.132392,0,0,1,1,0,0,0,0,1,0,0,107,0,1,0,1,1,1,0,0,0,0,0,0,0,0,0,0,0,0,0,0,0,0,0,220,10583,-1,26,"430
",0,0,0,0,0,0,0,18,112,2
1780485105.152393,0,0,1,1,0,0,0,0,1,0,0,100,0,1,0,1,1,1,0,0,0,0,0,0,0,0,0,0,0,0,0,0,0,0,0,220,10583,2,28,"431
",0,0,0,0,0,0,0,18,112,2
1780485105.177394,0,0,1,1,0,0,0,0,1,0,0,107,0,1,0,1,1,1,0,0,0,0,0,0,0,0,0,0,0,0,0,0,0,0,0,220,10583,-1,26,"432
",0,0,0,0,0,0,0,18,112,2
1780485105.191395,0,0,1,1,0,0,0,0,1,0,0,107,0,1,0,1,1,1,0,0,0,0,0,0,0,0,0,0,0,0,0,0,0,0,0,220,10583,-1,26,"433
",0,0,0,0,0,0,0,18,112,2
1780485105.211396,0,0,1,1,0,0,0,0,1,0,0,107,0,1,0,1,1,1,0,0,0,0,0,0,0,0,0,0,0,0,0,0,0,0,0,220,10583,-1,26,"434
",0,0,0,0,0,0,0,18,112,1
1780485105.231397,0,0,1,1,0,0,0,0,1,0,0,107,0,1,0,1,1,1,0,0,0,0,0,0,0,0,0,0,0,0,0,0,0,0,0,220,10583,-1,26,"435
",0,0,0,0,0,0,0,18,112,2
1780485105.250398,0,0,1,1,0,0,0,0,1,0,0,107,0,1,0,1,1,1,0,0,0,0,0,0,0,0,0,0,0,0,0,0,0,0,0,220,10583,-1,26,"436
",0,0,0,0,0,0,0,18,112,1
1780485105.2764,0,0,1,1,0,0,0,0,1,0,0,107,0,1,0,1,1,1,0,0,0,0,0,0,0,0,0,0,0,0,0,0,0,0,0,220,10583,-1,26,"437
",0,0,0,0,0,0,0,18,112,2
1780485105.290401,0,0,1,1,0,0,0,0,1,0,0,107,0,1,0,1,1,1,0,0,0,0,0,0,0,0,0,0,0,0,0,0,0,0,0,220,10583,-1,26,"438
",0,0,0,0,0,0,0,18,112,2
1780485105.309402,0,0,1,1,0,0,0,0,1,0,0,107,0,1,0,1,1,1,0,0,0,0,0,0,0,0,0,0,0,0,0,0,0,0,0,220,10583,-1,26,"439
",0,0,0,0,0,0,0,18,112,3
1780485105.329403,0,0,1,1,0,0,0,0,1,0,0,107,0,1,0,1,1,1,0,0,0,0,0,0,0,0,0,0,0,0,0,0,0,0,0,220,10583,-1,26,"440
",0,0,0,0,0,0,0,18,112,2
1780485105.350404,0,0,1,1,0,0,0,0,1,0,0,107,0,1,0,1,1,1,0,0,0,0,0,0,0,0,0,0,0,0,0,0,0,0,0,220,10583,-1,26,"441
",0,0,0,0,0,0,0,18,112,2
1780485105.369405,0,0,1,1,0,0,0,0,1,0,0,108,0,1,0,1,1,1,0,0,0,0,0,0,0,0,0,0,0,0,0,0,0,0,0,220,10583,-1,26,"442
",0,0,0,0,0,0,0,18,112,2
1780485105.390406,0,0,1,1,0,0,0,0,1,0,0,107,0,1,0,1,1,1,0,0,0,0,0,0,0,0,0,0,0,0,0,0,0,0,0,220,10583,-1,26,"443
",0,0,0,0,0,0,0,18,112,2
1780485105.412408,0,0,1,1,0,0,0,0,1,0,0,107,0,1,0,1,1,1,0,0,0,0,0,0,0,0,0,0,0,0,0,0,0,0,0,220,10583,-1,26,"444
",0,0,0,0,0,0,0,18,112,2
1780485105.427409,0,0,1,1,0,0,0,0,1,0,0,107,0,1,0,1,1,1,0,0,0,0,0,0,0,0,0,0,0,0,0,0,0,0,0,220,10583,3,28,"445
",0,0,0,0,0,0,0,18,112,2
1780485105.44941,0,0,1,1,0,0,0,0,1,0,0,108,0,1,0,1,1,1,0,0,0,0,0,0,0,0,0,0,0,0,0,0,0,0,0,220,10583,-1,26,"446
",0,0,0,0,0,0,0,18,112,2
1780485105.467411,0,0,1,1,0,0,0,0,1,0,0,101,0,1,0,1,1,1,0,0,0,0,0,0,0,0,0,0,0,0,0,0,0,0,0,220,10583,-1,26,"447
",0,0,0,0,0,0,0,18,112,2
1780485105.486412,0,0,1,1,0,0,0,0,1,0,0,108,0,1,0,1,1,1,0,0,0,0,0,0,0,0,0,0,0,0,0,0,0,0,0,220,10583,-1,26,"448
",0,0,0,0,0,0,0,18,112,1
1780485105.512413,0,0,1,1,0,0,0,0,1,0,0,109,0,1,0,1,1,1,0,0,0,0,0,0,0,0,0,0,0,0,0,0,0,0,0,220,10583,-1,26,"449
",0,0,0,0,0,0,0,18,112,2
1780485105.526414,0,0,1,1,0,0,0,0,1,0,0,108,0,1,0,1,1,1,0,0,0,0,0,0,0,0,0,0,0,0,0,0,0,0,0,220,10583,-1,26,"450
",0,0,0,0,0,0,0,18,112,2
1780485105.546415,0,0,1,1,0,0,0,0,1,0,0,108,0,1,0,1,1,1,0,0,0,0,0,0,0,0,0,0,0,0,0,0,0,0,0,220,10583,-1,26,"451
",0,0,0,0,0,0,0,18,112,2
1780485105.565416,0,0,1,1,0,0,0,0,1,0,0,108,0,1,0,1,1,1,0,0,0,0,0,0,0,0,0,0,0,0,0,0,0,0,0,220,10583,-1,26,"452
",0,0,0,0,0,0,0,18,112,2
1780485105.585418,0,0,1,1,0,0,0,0,1,0,0,108,0,1,0,1,1,1,0,0,0,0,0,0,0,0,0,0,0,0,0,0,0,0,0,220,10583,-1,26,"453
",0,0,0,0,0,0,0,18,112,2
1780485105.605419,0,0,1,1,0,0,0,0,1,0,0,108,0,1,0,1,1,1,0,0,0,0,0,0,0,0,0,0,0,0,0,0,0,0,0,220,10583,-1,26,"454
",0,0,0,0,0,0,0,18,112,2
1780485105.62542,0,0,1,1,0,0,0,0,1,0,0,107,0,1,0,1,1,1,0,0,0,0,0,0,0,0,0,0,0,0,0,0,0,0,0,220,10583,-1,26,"455
",0,0,0,0,0,0,0,18,112,2
1780485105.645421,0,0,1,1,0,0,0,0,1,0,0,108,0,1,0,1,1,1,0,0,0,0,0,0,0,0,0,0,0,0,0,0,0,0,0,220,10583,-1,26,"456
",0,0,0,0,0,0,0,18,112,2
1780485105.665422,0,0,1,1,0,0,0,0,1,0,0,108,0,1,0,1,1,1,0,0,0,0,0,0,0,0,0,0,0,0,0,0,0,0,0,220,10583,-1,26,"457
",0,0,0,0,0,0,0,18,112,2
1780485105.707425,0,0,1,1,0,0,0,0,1,0,0,108,0,1,0,1,1,1,0,0,0,0,0,0,0,0,0,0,0,0,0,0,0,0,0,220,10583,-1,26,"458
",0,0,0,0,0,0,0,18,112,2
1780485105.709425,0,0,1,1,0,0,0,0,1,0,0,108,0,1,0,1,1,1,0,0,0,0,0,0,0,0,0,0,0,0,0,0,0,0,0,220,10583,-1,26,"459
",0,0,0,0,0,0,0,18,112,2
1780485105.723425,0,0,1,1,0,0,0,0,1,0,0,108,0,1,0,1,1,1,0,0,0,0,0,0,0,0,0,0,0,0,0,0,0,0,0,220,10583,4,28,"460
",0,0,0,0,0,0,0,18,112,3
1780485105.743427,0,0,1,1,0,0,0,0,1,0,0,108,0,1,0,1,1,1,0,0,0,0,0,0,0,0,0,0,0,0,0,0,0,0,0,220,10583,-1,26,"461
",0,0,0,0,0,0,0,18,112,2
1780485105.762428,0,0,1,1,0,0,0,0,1,0,0,109,0,1,0,1,1,1,0,0,0,0,0,0,0,0,0,0,0,0,0,0,0,0,0,220,10583,-1,26,"462
",0,0,0,0,0,0,0,18,112,2
1780485105.789429,0,0,1,1,0,0,0,0,1,0,0,108,0,1,0,1,1,1,0,0,0,0,0,0,0,0,0,0,0,0,0,0,0,0,0,220,10583,-1,26,"463
",0,0,0,0,0,0,0,18,112,3
1780485105.80243,0,0,1,1,0,0,0,0,1,0,0,108,0,1,0,1,1,1,0,0,0,0,0,0,0,0,0,0,0,0,0,0,0,0,0,220,10583,-1,26,"464
",0,0,0,0,0,0,0,18,112,2
1780485105.822431,0,0,1,1,0,0,0,0,1,0,0,108,0,1,0,1,1,1,0,0,0,0,0,0,0,0,0,0,0,0,0,0,0,0,0,220,10583,-1,26,"465
",0,0,0,0,0,0,0,18,112,2
1780485105.841432,0,0,1,1,0,0,0,0,1,0,0,108,0,1,0,1,1,1,0,0,0,0,0,0,0,0,0,0,0,0,0,0,0,0,0,220,10583,-1,26,"466
",0,0,0,0,0,0,0,18,113,2
1780485105.861433,0,0,1,1,0,0,0,0,1,0,0,101,0,1,0,1,1,1,0,0,0,0,0,0,0,0,0,0,0,0,0,0,0,0,0,220,10583,-1,26,"467
",0,0,0,0,0,0,0,18,112,2
1780485105.881435,0,0,1,1,0,0,0,0,1,0,0,109,0,1,0,1,1,1,0,0,0,0,0,0,0,0,0,0,0,0,0,0,0,0,0,220,10583,-1,26,"468
",0,0,0,0,0,0,0,18,112,2
1780485105.900436,0,0,1,1,0,0,0,0,1,0,0,108,0,1,0,1,1,1,0,0,0,0,0,0,0,0,0,0,0,0,0,0,0,0,0,220,10583,-1,26,"469
",0,0,0,0,0,0,0,18,112,2
1780485105.920437,0,0,1,1,0,0,0,0,1,0,0,108,0,1,0,1,1,1,0,0,0,0,0,0,0,0,0,0,0,0,0,0,0,0,0,220,10583,-1,26,"470
",0,0,0,0,0,0,0,18,112,2
1780485105.940438,0,0,1,1,0,0,0,0,1,0,0,108,0,1,0,1,1,1,0,0,0,0,0,0,0,0,0,0,0,0,0,0,0,0,0,220,10583,-1,26,"471
",0,0,0,0,0,0,0,18,112,2
1780485105.959439,0,0,1,1,0,0,0,0,1,0,0,108,0,1,0,1,1,1,0,0,0,0,0,0,0,0,0,0,0,0,0,0,0,0,0,220,10583,-1,26,"472
",0,0,0,0,0,0,0,18,112,2
1780485105.97944,0,0,1,1,0,0,0,0,1,0,0,108,0,1,0,1,1,1,0,0,0,0,0,0,0,0,0,0,0,0,0,0,0,0,0,220,10583,-1,26,"473
",0,0,0,0,0,0,0,18,112,2
1780485105.998441,0,0,1,1,0,0,0,0,1,0,0,108,0,1,0,1,1,1,0,0,0,0,0,0,0,0,0,0,0,0,0,0,0,0,0,220,10583,-1,26,"474
",0,0,0,0,0,0,0,18,112,1
1780485106.019442,0,0,1,1,0,0,0,0,1,0,0,108,0,1,0,1,1,1,0,0,0,0,0,0,0,0,0,0,0,0,0,0,0,0,0,220,10583,-1,26,"475
",0,0,0,0,0,0,0,18,112,2
1780485106.038443,0,0,1,1,0,0,0,0,1,0,0,108,0,1,0,1,1,1,0,0,0,0,0,0,0,0,0,0,0,0,0,0,0,0,0,220,10583,5,28,"476
",0,0,0,0,0,0,0,18,112,2
1780485106.058445,0,0,1,1,0,0,0,0,1,0,0,107,0,1,0,1,1,1,0,0,0,0,0,0,0,0,0,0,0,0,0,0,0,0,0,220,10583,-1,26,"477
",0,0,0,0,0,0,0,18,112,2
1780485106.077446,0,0,1,1,0,0,0,0,1,0,0,124,0,1,0,1,1,1,0,0,0,0,0,0,0,0,0,0,0,0,0,0,0,0,0,220,10583,-1,26,"478
",0,0,0,0,0,0,0,18,112,3
1780485106.103447,0,0,1,1,0,0,0,0,1,0,0,108,0,1,0,1,1,1,0,0,0,0,0,0,0,0,0,0,0,0,0,0,0,0,0,220,10583,-1,26,"479
",0,0,0,0,0,0,0,18,112,3
1780485106.121448,0,0,1,1,0,0,0,0,1,0,0,107,0,1,0,1,1,1,0,0,0,0,0,0,0,0,0,0,0,0,0,0,0,0,0,220,10583,-1,26,"480
",0,0,0,0,0,0,0,18,112,2
1780485106.136449,0,0,1,1,0,0,0,0,1,0,0,101,0,1,0,1,1,1,0,0,0,0,0,0,0,0,0,0,0,0,0,0,0,0,0,220,10583,-1,26,"481
",0,0,0,0,0,0,0,18,112,2
1780485106.15645,0,0,1,1,0,0,0,0,1,0,0,108,0,1,0,1,1,1,0,0,0,0,0,0,0,0,0,0,0,0,0,0,0,0,0,220,10583,-1,26,"482
",0,0,0,0,0,0,0,18,112,2
1780485106.175451,0,0,1,1,0,0,0,0,1,0,0,108,0,1,0,1,1,1,0,0,0,0,0,0,0,0,0,0,0,0,0,0,0,0,0,220,10583,-1,26,"483
",0,0,0,0,0,0,0,18,112,2
1780485106.203453,0,0,1,1,0,0,0,0,1,0,0,108,0,1,0,1,1,1,0,0,0,0,0,0,0,0,0,0,0,0,0,0,0,0,0,220,10583,-1,26,"484
",0,0,0,0,0,0,0,18,112,2
1780485106.215454,0,0,1,1,0,0,0,0,1,0,0,108,0,1,0,1,1,1,0,0,0,0,0,0,0,0,0,0,0,0,0,0,0,0,0,220,10583,-1,26,"485
",0,0,0,0,0,0,0,18,112,2
1780485106.241455,0,0,1,1,0,0,0,0,1,0,0,108,0,1,0,1,1,1,0,0,0,0,0,0,0,0,0,0,0,0,0,0,0,0,0,220,10583,-1,26,"486
",0,0,0,0,0,0,0,18,112,4
1780485106.254456,0,0,1,1,0,0,0,0,1,0,0,108,0,1,0,1,1,1,0,0,0,0,0,0,0,0,0,0,0,0,0,0,0,0,0,220,10583,-1,26,"487
",0,0,0,0,0,0,0,18,112,3
1780485106.273457,0,0,1,1,0,0,0,0,1,0,0,107,0,1,0,1,1,1,0,0,0,0,0,0,0,0,0,0,0,0,0,0,0,0,0,220,10583,-1,26,"488
",0,0,0,0,0,0,0,18,112,2
1780485106.297458,0,0,1,1,0,0,0,0,1,0,0,108,0,1,0,1,1,1,0,0,0,0,0,0,0,0,0,0,0,0,0,0,0,0,0,220,10583,-1,26,"489
",0,0,0,0,0,0,0,18,112,3
1780485106.313459,0,0,1,1,0,0,0,0,1,0,0,108,0,1,0,1,1,1,0,0,0,0,0,0,0,0,0,0,0,0,0,0,0,0,0,220,10583,0,28,"490
",0,0,0,0,0,0,0,18,112,3
1780485106.33446,0,0,1,1,0,0,0,0,1,0,0,107,0,1,0,1,1,1,0,0,0,0,0,0,0,0,0,0,0,0,0,0,0,0,0,220,10583,-1,26,"491
",0,0,0,0,0,0,0,18,112,3
1780485106.353462,0,0,1,1,0,0,0,0,1,0,0,107,0,1,0,1,1,1,0,0,0,0,0,0,0,0,0,0,0,0,0,0,0,0,0,220,10583,-1,26,"492
",0,0,0,0,0,0,0,18,112,3
1780485106.372463,0,0,1,1,0,0,0,0,1,0,0,107,0,1,0,1,1,1,0,0,0,0,0,0,0,0,0,0,0,0,0,0,0,0,0,220,10583,-1,26,"493
",0,0,0,0,0,0,0,18,112,3
1780485106.392464,0,0,1,1,0,0,0,0,1,0,0,107,0,1,0,1,1,1,0,0,0,0,0,0,0,0,0,0,0,0,0,0,0,0,0,220,10583,-1,26,"494
",0,0,0,0,0,0,0,18,112,2
1780485106.413465,0,0,1,1,0,0,0,0,1,0,0,107,0,1,0,1,1,1,0,0,0,0,0,0,0,0,0,0,0,0,0,0,0,0,0,220,10583,-1,26,"495
",0,0,0,0,0,0,0,18,112,2
1780485106.431466,0,0,1,1,0,0,0,0,1,0,0,107,0,1,0,1,1,1,0,0,0,0,0,0,0,0,0,0,0,0,0,0,0,0,0,220,10583,-1,26,"496
",0,0,0,0,0,0,0,18,112,2
1780485106.451467,0,0,1,1,0,0,0,0,1,0,0,108,0,1,0,1,1,1,0,0,0,0,0,0,0,0,0,0,0,0,0,0,0,0,0,220,10583,-1,26,"497
",0,0,0,0,0,0,0,18,112,3
1780485106.471468,0,0,1,1,0,0,0,0,1,0,0,107,0,1,0,1,1,1,0,0,0,0,0,0,0,0,0,0,0,0,0,0,0,0,0,220,10583,-1,26,"498
",0,0,0,0,0,0,0,18,112,3
1780485106.491469,0,0,1,1,0,0,0,0,1,0,0,107,0,1,0,1,1,1,0,0,0,0,0,0,0,0,0,0,0,0,0,0,0,0,0,220,10583,-1,26,"499
",0,0,0,0,0,0,0,18,112,3
1780485106.51047,0,0,1,1,0,0,0,0,1,0,0,107,0,1,0,1,1,1,0,0,0,0,0,0,0,0,0,0,0,0,0,0,0,0,0,220,10583,-1,26,"500
",0,0,0,0,0,0,0,18,112,2
1780485106.538472,0,0,1,1,0,0,0,0,1,0,0,106,0,1,0,1,1,1,0,0,0,0,0,0,0,0,0,0,0,0,0,0,0,0,0,220,10583,-1,26,"501
",0,0,0,0,0,0,0,18,112,2
1780485106.549473,0,0,1,1,0,0,0,0,1,0,0,107,0,1,0,1,1,1,0,0,0,0,0,0,0,0,0,0,0,0,0,0,0,0,0,220,10583,-1,26,"502
",0,0,0,0,0,0,0,18,112,3
1780485106.569474,0,0,1,1,0,0,0,0,1,0,0,107,0,1,0,1,1,1,0,0,0,0,0,0,0,0,0,0,0,0,0,0,0,0,0,220,10583,-1,26,"503
",0,0,0,0,0,0,0,18,112,2
1780485106.593475,0,0,1,1,0,0,0,0,1,0,0,107,0,1,0,1,1,1,0,0,0,0,0,0,0,0,0,0,0,0,0,0,0,0,0,220,10583,1,28,"504
",0,0,0,0,0,0,0,18,112,2
1780485106.609476,0,0,1,1,0,0,0,0,1,0,0,107,0,1,0,1,1,1,0,0,0,0,0,0,0,0,0,0,0,0,0,0,0,0,0,220,10583,-1,26,"505
",0,0,0,0,0,0,0,18,112,2
1780485106.629477,0,0,1,1,0,0,0,0,1,0,0,107,0,1,0,1,1,1,0,0,0,0,0,0,0,0,0,0,0,0,0,0,0,0,0,220,10583,-1,26,"506
",0,0,0,0,0,0,0,18,112,2
1780485106.649478,0,0,1,1,0,0,0,0,1,0,0,107,0,1,0,1,1,1,0,0,0,0,0,0,0,0,0,0,0,0,0,0,0,0,0,220,10583,-1,26,"507
",0,0,0,0,0,0,0,18,112,2
1780485106.66848,0,0,1,1,0,0,0,0,1,0,0,107,0,1,0,1,1,1,0,0,0,0,0,0,0,0,0,0,0,0,0,0,0,0,0,220,10583,-1,26,"508
",0,0,0,0,0,0,0,18,113,3
1780485106.687481,0,0,1,1,0,0,0,0,1,0,0,108,0,1,0,1,1,1,0,0,0,0,0,0,0,0,0,0,0,0,0,0,0,0,0,220,10583,-1,26,"509
",0,0,0,0,0,0,0,18,112,3
1780485106.707482,0,0,1,1,0,0,0,0,1,0,0,107,0,1,0,1,1,1,0,0,0,0,0,0,0,0,0,0,0,0,0,0,0,0,0,220,10583,-1,26,"510
",0,0,0,0,0,0,0,18,112,2
1780485106.727483,0,0,1,1,0,0,0,0,1,0,0,94,0,1,0,1,1,1,0,0,0,0,0,0,0,0,0,0,0,0,0,0,0,0,0,220,10583,-1,27,"511
",0,0,0,0,0,0,0,18,112,2
1780485106.747484,0,0,1,1,0,0,0,0,1,0,0,107,0,1,0,1,1,1,0,0,0,0,0,0,0,0,0,0,0,0,0,0,0,0,0,220,10583,-1,26,"512
",0,0,0,0,0,0,0,18,112,2
1780485106.766485,0,0,1,1,0,0,0,0,1,0,0,108,0,1,0,1,1,1,0,0,0,0,0,0,0,0,0,0,0,0,0,0,0,0,0,220,10583,-1,26,"513
",0,0,0,0,0,0,0,18,112,2
1780485106.786486,0,0,1,1,0,0,0,0,1,0,0,107,0,1,0,1,1,1,0,0,0,0,0,0,0,0,0,0,0,0,0,0,0,0,0,220,10583,-1,26,"514
",0,0,0,0,0,0,0,18,112,2
1780485106.825489,0,0,1,1,0,0,0,0,1,0,0,108,0,1,0,1,1,1,0,0,0,0,0,0,0,0,0,0,0,0,0,0,0,0,0,220,10583,-1,26,"515
",0,0,0,0,0,0,0,18,112,2
1780485106.827489,0,0,1,1,0,0,0,0,1,0,0,107,0,1,0,1,1,1,0,0,0,0,0,0,0,0,0,0,0,0,0,0,0,0,0,220,10583,-1,26,"516
",0,0,0,0,0,0,0,18,112,1
1780485106.84649,0,0,1,1,0,0,0,0,1,0,0,107,0,1,0,1,1,1,0,0,0,0,0,0,0,0,0,0,0,0,0,0,0,0,0,220,10583,2,28,"517
",0,0,0,0,0,0,0,18,112,2
1780485106.865491,0,0,1,1,0,0,0,0,1,0,0,107,0,1,0,1,1,1,0,0,0,0,0,0,0,0,0,0,0,0,0,0,0,0,0,220,10583,-1,26,"518
",0,0,0,0,0,0,0,18,112,2
1780485106.884492,0,0,1,1,0,0,0,0,1,0,0,107,0,1,0,1,1,1,0,0,0,0,0,0,0,0,0,0,0,0,0,0,0,0,0,220,10583,-1,26,"519
",0,0,0,0,0,0,0,18,112,2
1780485106.904493,0,0,1,1,0,0,0,0,1,0,0,107,0,1,0,1,1,1,0,0,0,0,0,0,0,0,0,0,0,0,0,0,0,0,0,220,10583,-1,26,"520
",0,0,0,0,0,0,0,18,112,2
1780485106.924494,0,0,1,1,0,0,0,0,1,0,0,107,0,1,0,1,1,1,0,0,0,0,0,0,0,0,0,0,0,0,0,0,0,0,0,220,10583,-1,26,"521
",0,0,0,0,0,0,0,18,112,2
1780485106.948496,0,0,1,1,0,0,0,0,1,0,0,107,0,1,0,1,1,1,0,0,0,0,0,0,0,0,0,0,0,0,0,0,0,0,0,220,10583,-1,26,"522
",0,0,0,0,0,0,0,18,112,2
1780485106.963496,0,0,1,1,0,0,0,0,1,0,0,101,0,1,0,1,1,1,0,0,0,0,0,0,0,0,0,0,0,0,0,0,0,0,0,220,10583,-1,26,"523
",0,0,0,0,0,0,0,18,112,2
1780485106.982497,0,0,1,1,0,0,0,0,1,0,0,108,0,1,0,1,1,1,0,0,0,0,0,0,0,0,0,0,0,0,0,0,0,0,0,220,10583,-1,26,"524
",0,0,0,0,0,0,0,18,112,2
1780485107.003499,0,0,1,1,0,0,0,0,1,0,0,107,0,1,0,1,1,1,0,0,0,0,0,0,0,0,0,0,0,0,0,0,0,0,0,220,10583,-1,26,"525
",0,0,0,0,0,0,0,18,112,2
1780485107.0275,0,0,1,1,0,0,0,0,1,0,0,107,0,1,0,1,1,1,0,0,0,0,0,0,0,0,0,0,0,0,0,0,0,0,0,220,10583,-1,26,"526
",0,0,0,0,0,0,0,18,112,1
1780485107.049501,0,0,1,1,0,0,0,0,1,0,0,108,0,1,0,1,1,1,0,0,0,0,0,0,0,0,0,0,0,0,0,0,0,0,0,220,10583,-1,26,"527
",0,0,0,0,0,0,0,18,112,2
1780485107.061502,0,0,1,1,0,0,0,0,1,0,0,107,0,1,0,1,1,1,0,0,0,0,0,0,0,0,0,0,0,0,0,0,0,0,0,220,10583,-1,26,"528
",0,0,0,0,0,0,0,18,112,1
1780485107.081503,0,0,1,1,0,0,0,0,1,0,0,107,0,1,0,1,1,1,0,0,0,0,0,0,0,0,0,0,0,0,0,0,0,0,0,220,10583,-1,26,"529
",0,0,0,0,0,0,0,18,112,2
1780485107.100504,0,0,1,1,0,0,0,0,1,0,0,107,0,1,0,1,1,1,0,0,0,0,0,0,0,0,0,0,0,0,0,0,0,0,0,220,10583,-1,26,"530
",0,0,0,0,0,0,0,18,112,2
1780485107.127506,0,0,1,1,0,0,0,0,1,0,0,107,0,1,0,1,1,1,0,0,0,0,0,0,0,0,0,0,0,0,0,0,0,0,0,220,10583,-1,26,"531
",0,0,0,0,0,0,0,18,112,3
1780485107.140507,0,0,1,1,0,0,0,0,1,0,0,107,0,1,0,1,1,1,0,0,0,0,0,0,0,0,0,0,0,0,0,0,0,0,0,220,10583,3,28,"532
",0,0,0,0,0,0,0,18,112,2
1780485107.160508,0,0,1,1,0,0,0,0,1,0,0,108,0,1,0,1,1,1,0,0,0,0,0,0,0,0,0,0,0,0,0,0,0,0,0,220,10583,-1,26,"533
",0,0,0,0,0,0,0,18,112,2
1780485107.179509,0,0,1,1,0,0,0,0,1,0,0,108,0,1,0,1,1,1,0,0,0,0,0,0,0,0,0,0,0,0,0,0,0,0,0,220,10583,-1,26,"534
",0,0,0,0,0,0,0,18,112,2
1780485107.19951,0,0,1,1,0,0,0,0,1,0,0,108,0,1,0,1,1,1,0,0,0,0,0,0,0,0,0,0,0,0,0,0,0,0,0,220,10583,-1,26,"535
",0,0,0,0,0,0,0,18,112,3
1780485107.222511,0,0,1,1,0,0,0,0,1,0,0,108,0,1,0,1,1,1,0,0,0,0,0,0,0,0,0,0,0,0,0,0,0,0,0,220,10583,-1,26,"536
",0,0,0,0,0,0,0,18,112,2
1780485107.239512,0,0,1,1,0,0,0,0,1,0,0,108,0,1,0,1,1,1,0,0,0,0,0,0,0,0,0,0,0,0,0,0,0,0,0,220,10583,-1,26,"537
",0,0,0,0,0,0,0,18,112,3
1780485107.258513,0,0,1,1,0,0,0,0,1,0,0,102,0,1,0,1,1,1,0,0,0,0,0,0,0,0,0,0,0,0,0,0,0,0,0,220,10583,-1,26,"538
",0,0,0,0,0,0,0,18,112,2
1780485107.278514,0,0,1,1,0,0,0,0,1,0,0,108,0,1,0,1,1,1,0,0,0,0,0,0,0,0,0,0,0,0,0,0,0,0,0,220,10583,-1,26,"539
",0,0,0,0,0,0,0,18,112,2
1780485107.297516,0,0,1,1,0,0,0,0,1,0,0,108,0,1,0,1,1,1,0,0,0,0,0,0,0,0,0,0,0,0,0,0,0,0,0,220,10583,-1,26,"540
",0,0,0,0,0,0,0,18,112,2
1780485107.324517,0,0,1,1,0,0,0,0,1,0,0,108,0,1,0,1,1,1,0,0,0,0,0,0,0,0,0,0,0,0,0,0,0,0,0,220,10583,-1,26,"541
",0,0,0,0,0,0,0,18,112,2
1780485107.337518,0,0,1,1,0,0,0,0,1,0,0,108,0,1,0,1,1,1,0,0,0,0,0,0,0,0,0,0,0,0,0,0,0,0,0,220,10583,-1,26,"542
",0,0,0,0,0,0,0,18,112,1
1780485107.357519,0,0,1,1,0,0,0,0,1,0,0,108,0,1,0,1,1,1,0,0,0,0,0,0,0,0,0,0,0,0,0,0,0,0,0,220,10583,-1,26,"543
",0,0,0,0,0,0,0,18,112,2
1780485107.37752,0,0,1,1,0,0,0,0,1,0,0,109,0,1,0,1,1,1,0,0,0,0,0,0,0,0,0,0,0,0,0,0,0,0,0,220,10583,-1,26,"544
",0,0,0,0,0,0,0,18,112,2
1780485107.405522,0,0,1,1,0,0,0,0,1,0,0,109,0,1,0,1,1,1,0,0,0,0,0,0,0,0,0,0,0,0,0,0,0,0,0,220,10583,-1,26,"545
",0,0,0,0,0,0,0,18,112,2
1780485107.416522,0,0,1,1,0,0,0,0,1,0,0,108,0,1,0,1,1,1,0,0,0,0,0,0,0,0,0,0,0,0,0,0,0,0,0,220,10583,4,28,"546
",0,0,0,0,0,0,0,18,112,1
1780485107.436523,0,0,1,1,0,0,0,0,1,0,0,108,0,1,0,1,1,1,0,0,0,0,0,0,0,0,0,0,0,0,0,0,0,0,0,220,10583,-1,26,"547
",0,0,0,0,0,0,0,18,112,2
1780485107.459525,0,0,1,1,0,0,0,0,1,0,0,108,0,1,0,1,1,1,0,0,0,0,0,0,0,0,0,0,0,0,0,0,0,0,0,220,10583,-1,26,"548
",0,0,0,0,0,0,0,18,112,2
1780485107.475526,0,0,1,1,0,0,0,0,1,0,0,109,0,1,0,1,1,1,0,0,0,0,0,0,0,0,0,0,0,0,0,0,0,0,0,220,10583,-1,26,"549
",0,0,0,0,0,0,0,18,112,2
1780485107.494527,0,0,1,1,0,0,0,0,1,0,0,109,0,1,0,1,1,1,0,0,0,0,0,0,0,0,0,0,0,0,0,0,0,0,0,220,10583,-1,26,"550
",0,0,0,0,0,0,0,18,112,2
1780485107.516528,0,0,1,1,0,0,0,0,1,0,0,102,0,1,0,1,1,1,0,0,0,0,0,0,0,0,0,0,0,0,0,0,0,0,0,220,10583,-1,26,"551
",0,0,0,0,0,0,0,18,112,2
1780485107.54353,0,0,1,1,0,0,0,0,1,0,0,108,0,1,0,1,1,1,0,0,0,0,0,0,0,0,0,0,0,0,0,0,0,0,0,220,10583,-1,26,"552
",0,0,0,0,0,0,0,18,112,2
1780485107.55853,0,0,1,1,0,0,0,0,1,0,0,108,0,1,0,1,1,1,0,0,0,0,0,0,0,0,0,0,0,0,0,0,0,0,0,220,10583,-1,26,"553
",0,0,0,0,0,0,0,18,112,2
1780485107.573531,0,0,1,1,0,0,0,0,1,0,0,108,0,1,0,1,1,1,0,0,0,0,0,0,0,0,0,0,0,0,0,0,0,0,0,220,10583,-1,26,"554
",0,0,0,0,0,0,0,18,112,2
1780485107.593532,0,0,1,1,0,0,0,0,1,0,0,108,0,1,0,1,1,1,0,0,0,0,0,0,0,0,0,0,0,0,0,0,0,0,0,220,10583,-1,26,"555
",0,0,0,0,0,0,0,18,112,2
1780485107.612534,0,0,1,1,0,0,0,0,1,0,0,108,0,1,0,1,1,1,0,0,0,0,0,0,0,0,0,0,0,0,0,0,0,0,0,220,10583,-1,26,"556
",0,0,0,0,0,0,0,18,112,2
1780485107.672537,0,0,1,1,0,0,0,0,1,0,0,108,0,1,0,1,1,1,0,0,0,0,0,0,0,0,0,0,0,0,0,0,0,0,0,220,10583,-1,26,"557
",0,0,0,0,0,0,0,18,112,2
1780485107.675537,0,0,1,1,0,0,0,0,1,0,0,108,0,1,0,1,1,1,0,0,0,0,0,0,0,0,0,0,0,0,0,0,0,0,0,220,10583,-1,26,"558
",0,0,0,0,0,0,0,18,112,2
1780485107.686538,0,0,1,1,0,0,0,0,1,0,0,108,0,1,0,1,1,1,0,0,0,0,0,0,0,0,0,0,0,0,0,0,0,0,0,220,10583,5,28,"559
",0,0,0,0,0,0,0,18,112,2
1780485107.696538,0,0,1,1,0,0,0,0,1,0,0,107,0,1,0,1,1,1,0,0,0,0,0,0,0,0,0,0,0,0,0,0,0,0,0,220,10583,-1,26,"560
",0,0,0,0,0,0,0,18,112,2
1780485107.710539,0,0,1,1,0,0,0,0,1,0,0,108,0,1,0,1,1,1,0,0,0,0,0,0,0,0,0,0,0,0,0,0,0,0,0,220,10583,-1,26,"561
",0,0,0,0,0,0,0,18,112,2
1780485107.73154,0,0,1,1,0,0,0,0,1,0,0,107,0,1,0,1,1,1,0,0,0,0,0,0,0,0,0,0,0,0,0,0,0,0,0,220,10583,-1,26,"562
",0,0,0,0,0,0,0,18,112,1
1780485107.751541,0,0,1,1,0,0,0,0,1,0,0,108,0,1,0,1,1,1,0,0,0,0,0,0,0,0,0,0,0,0,0,0,0,0,0,220,10583,-1,26,"563
",0,0,0,0,0,0,0,18,112,2
1780485107.771543,0,0,1,1,0,0,0,0,1,0,0,109,0,1,0,1,1,1,0,0,0,0,0,0,0,0,0,0,0,0,0,0,0,0,0,220,10583,-1,26,"564
",0,0,0,0,0,0,0,18,112,1
1780485107.790544,0,0,1,1,0,0,0,0,1,0,0,107,0,1,0,1,1,1,0,0,0,0,0,0,0,0,0,0,0,0,0,0,0,0,0,220,10583,-1,26,"565
",0,0,0,0,0,0,0,18,112,2
1780485107.809545,0,0,1,1,0,0,0,0,1,0,0,109,0,1,0,1,1,1,0,0,0,0,0,0,0,0,0,0,0,0,0,0,0,0,0,220,10583,-1,26,"566
",0,0,0,0,0,0,0,18,112,1
1780485107.831546,0,0,1,1,0,0,0,0,1,0,0,108,0,1,0,1,1,1,0,0,0,0,0,0,0,0,0,0,0,0,0,0,0,0,0,220,10583,-1,26,"567
",0,0,0,0,0,0,0,18,112,2
1780485107.849547,0,0,1,1,0,0,0,0,1,0,0,102,0,1,0,1,1,1,0,0,0,0,0,0,0,0,0,0,0,0,0,0,0,0,0,220,10583,-1,26,"568
",0,0,0,0,0,0,0,18,112,2
1780485107.869548,0,0,1,1,0,0,0,0,1,0,0,108,0,1,0,1,1,1,0,0,0,0,0,0,0,0,0,0,0,0,0,0,0,0,0,220,10583,-1,26,"569
",0,0,0,0,0,0,0,18,112,2
1780485107.889549,0,0,1,1,0,0,0,0,1,0,0,108,0,1,0,1,1,1,0,0,0,0,0,0,0,0,0,0,0,0,0,0,0,0,0,220,10583,-1,26,"570
",0,0,0,0,0,0,0,18,112,2
1780485107.90855,0,0,1,1,0,0,0,0,1,0,0,108,0,1,0,1,1,1,0,0,0,0,0,0,0,0,0,0,0,0,0,0,0,0,0,220,10583,-1,26,"571
",0,0,0,0,0,0,0,18,112,2
1780485107.928552,0,0,1,1,0,0,0,0,1,0,0,109,0,1,0,1,1,1,0,0,0,0,0,0,0,0,0,0,0,0,0,0,0,0,0,220,10583,-1,26,"572
",0,0,0,0,0,0,0,18,112,3
1780485107.948553,0,0,1,1,0,0,0,0,1,0,0,108,0,1,0,1,1,1,0,0,0,0,0,0,0,0,0,0,0,0,0,0,0,0,0,220,10583,-1,26,"573
",0,0,0,0,0,0,0,18,112,2
1780485107.968554,0,0,1,1,0,0,0,0,1,0,0,108,0,1,0,1,1,1,0,0,0,0,0,0,0,0,0,0,0,0,0,0,0,0,0,220,10583,-1,26,"574
",0,0,0,0,0,0,0,18,112,2
1780485107.987555,0,0,1,1,0,0,0,0,1,0,0,107,0,1,0,1,1,1,0,0,0,0,0,0,0,0,0,0,0,0,0,0,0,0,0,220,10583,0,28,"575
",0,0,0,0,0,0,0,18,112,2
1780485108.006556,0,0,1,1,0,0,0,0,1,0,0,108,0,1,0,1,1,1,0,0,0,0,0,0,0,0,0,0,0,0,0,0,0,0,0,220,10583,-1,26,"576
",0,0,0,0,0,0,0,18,112,2
1780485108.028557,0,0,1,1,0,0,0,0,1,0,0,108,0,1,0,1,1,1,0,0,0,0,0,0,0,0,0,0,0,0,0,0,0,0,0,220,10583,-1,26,"577
",0,0,0,0,0,0,0,18,112,2
1780485108.048558,0,0,1,1,0,0,0,0,1,0,0,107,0,1,0,1,1,1,0,0,0,0,0,0,0,0,0,0,0,0,0,0,0,0,0,220,10583,-1,26,"578
",0,0,0,0,0,0,0,18,112,2
1780485108.06856,0,0,1,1,0,0,0,0,1,0,0,108,0,1,0,1,1,1,0,0,0,0,0,0,0,0,0,0,0,0,0,0,0,0,0,220,10583,-1,26,"579
",0,0,0,0,0,0,0,18,112,2
1780485108.086561,0,0,1,1,0,0,0,0,1,0,0,108,0,1,0,1,1,1,0,0,0,0,0,0,0,0,0,0,0,0,0,0,0,0,0,220,10583,-1,26,"580
",0,0,0,0,0,0,0,18,112,2
1780485108.105562,0,0,1,1,0,0,0,0,1,0,0,108,0,1,0,1,1,1,0,0,0,0,0,0,0,0,0,0,0,0,0,0,0,0,0,220,10583,-1,26,"581
",0,0,0,0,0,0,0,18,112,2
1780485108.124563,0,0,1,1,0,0,0,0,1,0,0,107,0,1,0,1,1,1,0,0,0,0,0,0,0,0,0,0,0,0,0,0,0,0,0,220,10583,-1,26,"582
",0,0,0,0,0,0,0,18,112,2
1780485108.144564,0,0,1,1,0,0,0,0,1,0,0,101,0,1,0,1,1,1,0,0,0,0,0,0,0,0,0,0,0,0,0,0,0,0,0,220,10583,-1,26,"583
",0,0,0,0,0,0,0,18,112,2
1780485108.164565,0,0,1,1,0,0,0,0,1,0,0,101,0,1,0,1,1,1,0,0,0,0,0,0,0,0,0,0,0,0,0,0,0,0,0,220,10583,-1,26,"584
",0,0,0,0,0,0,0,18,112,1
1780485108.184566,0,0,1,1,0,0,0,0,1,0,0,108,0,1,0,1,1,1,0,0,0,0,0,0,0,0,0,0,0,0,0,0,0,0,0,220,10583,-1,26,"585
",0,0,0,0,0,0,0,18,112,2
1780485108.203567,0,0,1,1,0,0,0,0,1,0,0,107,0,1,0,1,1,1,0,0,0,0,0,0,0,0,0,0,0,0,0,0,0,0,0,220,10583,-1,26,"586
",0,0,0,0,0,0,0,18,112,2
1780485108.223568,0,0,1,1,0,0,0,0,1,0,0,123,0,1,0,1,1,1,0,0,0,0,0,0,0,0,0,0,0,0,0,0,0,0,0,220,10583,-1,26,"587
",0,0,0,0,0,0,0,18,112,2
1780485108.24857,0,0,1,1,0,0,0,0,1,0,0,107,0,1,0,1,1,1,0,0,0,0,0,0,0,0,0,0,0,0,0,0,0,0,0,220,10583,-1,26,"588
",0,0,0,0,0,0,0,18,112,1
1780485108.263571,0,0,1,1,0,0,0,0,1,0,0,107,0,1,0,1,1,1,0,0,0,0,0,0,0,0,0,0,0,0,0,0,0,0,0,220,10583,-1,26,"589
",0,0,0,0,0,0,0,18,112,2
1780485108.283572,0,0,1,1,0,0,0,0,1,0,0,101,0,1,0,1,1,1,0,0,0,0,0,0,0,0,0,0,0,0,0,0,0,0,0,220,10583,1,28,"590
",0,0,0,0,0,0,0,18,112,2
1780485108.302573,0,0,1,1,0,0,0,0,1,0,0,107,0,1,0,1,1,1,0,0,0,0,0,0,0,0,0,0,0,0,0,0,0,0,0,220,10583,-1,26,"591
",0,0,0,0,0,0,0,18,112,2
1780485108.321574,0,0,1,1,0,0,0,0,1,0,0,107,0,1,0,1,1,1,0,0,0,0,0,0,0,0,0,0,0,0,0,0,0,0,0,220,10583,-1,26,"592
",0,0,0,0,0,0,0,18,112,2
1780485108.342575,0,0,1,1,0,0,0,0,1,0,0,107,0,1,0,1,1,1,0,0,0,0,0,0,0,0,0,0,0,0,0,0,0,0,0,220,10583,-1,26,"593
",0,0,0,0,0,0,0,18,112,2
1780485108.362576,0,0,1,1,0,0,0,0,1,0,0,108,0,1,0,1,1,1,0,0,0,0,0,0,0,0,0,0,0,0,0,0,0,0,0,220,10583,-1,26,"594
",0,0,0,0,0,0,0,18,112,2
1780485108.381578,0,0,1,1,0,0,0,0,1,0,0,107,0,1,0,1,1,1,0,0,0,0,0,0,0,0,0,0,0,0,0,0,0,0,0,220,10583,-1,26,"595
",0,0,0,0,0,0,0,18,112,2
1780485108.401579,0,0,1,1,0,0,0,0,1,0,0,107,0,1,0,1,1,1,0,0,0,0,0,0,0,0,0,0,0,0,0,0,0,0,0,220,10583,-1,26,"596
",0,0,0,0,0,0,0,18,112,2
1780485108.42058,0,0,1,1,0,0,0,0,1,0,0,107,0,1,0,1,1,1,0,0,0,0,0,0,0,0,0,0,0,0,0,0,0,0,0,220,10583,-1,26,"597
",0,0,0,0,0,0,0,18,112,2
1780485108.440581,0,0,1,1,0,0,0,0,1,0,0,107,0,1,0,1,1,1,0,0,0,0,0,0,0,0,0,0,0,0,0,0,0,0,0,220,10583,-1,26,"598
",0,0,0,0,0,0,0,18,112,2
1780485108.461582,0,0,1,1,0,0,0,0,1,0,0,107,0,1,0,1,1,1,0,0,0,0,0,0,0,0,0,0,0,0,0,0,0,0,0,220,10583,-1,26,"599
",0,0,0,0,0,0,0,18,112,2
1780485108.479583,0,0,1,1,0,0,0,0,1,0,0,107,0,1,0,1,1,1,0,0,0,0,0,0,0,0,0,0,0,0,0,0,0,0,0,220,10583,-1,26,"600
",0,0,0,0,0,0,0,18,112,2
1780485108.499584,0,0,1,1,0,0,0,0,1,0,0,107,0,1,0,1,1,1,0,0,0,0,0,0,0,0,0,0,0,0,0,0,0,0,0,220,10583,-1,26,"601
",0,0,0,0,0,0,0,18,112,2
1780485108.518585,0,0,1,1,0,0,0,0,1,0,0,107,0,1,0,1,1,1,0,0,0,0,0,0,0,0,0,0,0,0,0,0,0,0,0,220,10583,-1,26,"602
",0,0,0,0,0,0,0,18,112,2
1780485108.539587,0,0,1,1,0,0,0,0,1,0,0,108,0,1,0,1,1,1,0,0,0,0,0,0,0,0,0,0,0,0,0,0,0,0,0,220,10583,-1,26,"603
",0,0,0,0,0,0,0,18,112,2
1780485108.564588,0,0,1,1,0,0,0,0,1,0,0,107,0,1,0,1,1,1,0,0,0,0,0,0,0,0,0,0,0,0,0,0,0,0,0,220,10583,-1,26,"604
",0,0,0,0,0,0,0,18,112,1
1780485108.579589,0,0,1,1,0,0,0,0,1,0,0,107,0,1,0,1,1,1,0,0,0,0,0,0,0,0,0,0,0,0,0,0,0,0,0,220,10583,2,28,"605
",0,0,0,0,0,0,0,18,112,2
1780485108.59859,0,0,1,1,0,0,0,0,1,0,0,107,0,1,0,1,1,1,0,0,0,0,0,0,0,0,0,0,0,0,0,0,0,0,0,220,10583,-1,26,"606
",0,0,0,0,0,0,0,18,112,2
1780485108.616591,0,0,1,1,0,0,0,0,1,0,0,107,0,1,0,1,1,1,0,0,0,0,0,0,0,0,0,0,0,0,0,0,0,0,0,220,10583,-1,26,"607
",0,0,0,0,0,0,0,18,112,2
1780485108.636592,0,0,1,1,0,0,0,0,1,0,0,107,0,1,0,1,1,1,0,0,0,0,0,0,0,0,0,0,0,0,0,0,0,0,0,220,10583,-1,26,"608
",0,0,0,0,0,0,0,18,112,2
1780485108.665594,0,0,1,1,0,0,0,0,1,0,0,107,0,1,0,1,1,1,0,0,0,0,0,0,0,0,0,0,0,0,0,0,0,0,0,220,10583,-1,26,"609
",0,0,0,0,0,0,0,18,112,2
1780485108.676594,0,0,1,1,0,0,0,0,1,0,0,107,0,1,0,1,1,1,0,0,0,0,0,0,0,0,0,0,0,0,0,0,0,0,0,220,10583,-1,26,"610
",0,0,0,0,0,0,0,18,112,2
1780485108.696596,0,0,1,1,0,0,0,0,1,0,0,107,0,1,0,1,1,1,0,0,0,0,0,0,0,0,0,0,0,0,0,0,0,0,0,220,10583,-1,26,"611
",0,0,0,0,0,0,0,18,112,2
1780485108.715597,0,0,1,1,0,0,0,0,1,0,0,107,0,1,0,1,1,1,0,0,0,0,0,0,0,0,0,0,0,0,0,0,0,0,0,220,10583,-1,26,"612
",0,0,0,0,0,0,0,18,112,2
1780485108.735598,0,0,1,1,0,0,0,0,1,0,0,107,0,1,0,1,1,1,0,0,0,0,0,0,0,0,0,0,0,0,0,0,0,0,0,220,10583,-1,26,"613
",0,0,0,0,0,0,0,18,112,2
1780485108.762599,0,0,1,1,0,0,0,0,1,0,0,107,0,1,0,1,1,1,0,0,0,0,0,0,0,0,0,0,0,0,0,0,0,0,0,220,10583,-1,26,"614
",0,0,0,0,0,0,0,18,112,2
1780485108.7806,0,0,1,1,0,0,0,0,1,0,0,107,0,1,0,1,1,1,0,0,0,0,0,0,0,0,0,0,0,0,0,0,0,0,0,220,10583,-1,26,"615
",0,0,0,0,0,0,0,18,112,1
1780485108.795601,0,0,1,1,0,0,0,0,1,0,0,107,0,1,0,1,1,1,0,0,0,0,0,0,0,0,0,0,0,0,0,0,0,0,0,220,10583,-1,26,"616
",0,0,0,0,0,0,0,18,112,2
1780485108.814602,0,0,1,1,0,0,0,0,1,0,0,107,0,1,0,1,1,1,0,0,0,0,0,0,0,0,0,0,0,0,0,0,0,0,0,220,10583,-1,26,"617
",0,0,0,0,0,0,0,18,112,3
1780485108.834603,0,0,1,1,0,0,0,0,1,0,0,108,0,1,0,1,1,1,0,0,0,0,0,0,0,0,0,0,0,0,0,0,0,0,0,220,10583,-1,26,"618
",0,0,0,0,0,0,0,18,112,3
1780485108.860605,0,0,1,1,0,0,0,0,1,0,0,107,0,1,0,1,1,1,0,0,0,0,0,0,0,0,0,0,0,0,0,0,0,0,0,220,10583,-1,26,"619
",0,0,0,0,0,0,0,18,112,2
1780485108.873606,0,0,1,1,0,0,0,0,1,0,0,107,0,1,0,1,1,1,0,0,0,0,0,0,0,0,0,0,0,0,0,0,0,0,0,220,10583,3,28,"620
",0,0,0,0,0,0,0,18,112,2
1780485108.894607,0,0,1,1,0,0,0,0,1,0,0,101,0,1,0,1,1,1,0,0,0,0,0,0,0,0,0,0,0,0,0,0,0,0,0,220,10583,-1,26,"621
",0,0,0,0,0,0,0,18,112,2
1780485108.912608,0,0,1,1,0,0,0,0,1,0,0,108,0,1,0,1,1,1,0,0,0,0,0,0,0,0,0,0,0,0,0,0,0,0,0,220,10583,-1,26,"622
",0,0,0,0,0,0,0,18,112,1
1780485108.932609,0,0,1,1,0,0,0,0,1,0,0,94,0,1,0,1,1,1,0,0,0,0,0,0,0,0,0,0,0,0,0,0,0,0,0,220,10583,-1,27,"623
",0,0,0,0,0,0,0,18,112,2
1780485108.95261,0,0,1,1,0,0,0,0,1,0,0,108,0,1,0,1,1,1,0,0,0,0,0,0,0,0,0,0,0,0,0,0,0,0,0,220,10583,-1,26,"624
",0,0,0,0,0,0,0,18,112,2
1780485108.972611,0,0,1,1,0,0,0,0,1,0,0,108,0,1,0,1,1,1,0,0,0,0,0,0,0,0,0,0,0,0,0,0,0,0,0,220,10583,-1,26,"625
",0,0,0,0,0,0,0,18,112,2
1780485108.994613,0,0,1,1,0,0,0,0,1,0,0,108,0,1,0,1,1,1,0,0,0,0,0,0,0,0,0,0,0,0,0,0,0,0,0,220,10583,-1,26,"626
",0,0,0,0,0,0,0,18,112,2
1780485109.011614,0,0,1,1,0,0,0,0,1,0,0,108,0,1,0,1,1,1,0,0,0,0,0,0,0,0,0,0,0,0,0,0,0,0,0,220,10583,-1,26,"627
",0,0,0,0,0,0,0,18,112,2
1780485109.031615,0,0,1,1,0,0,0,0,1,0,0,108,0,1,0,1,1,1,0,0,0,0,0,0,0,0,0,0,0,0,0,0,0,0,0,220,10583,-1,26,"628
",0,0,0,0,0,0,0,18,112,2
1780485109.050616,0,0,1,1,0,0,0,0,1,0,0,108,0,1,0,1,1,1,0,0,0,0,0,0,0,0,0,0,0,0,0,0,0,0,0,220,10583,-1,26,"629
",0,0,0,0,0,0,0,18,112,2
1780485109.075617,0,0,1,1,0,0,0,0,1,0,0,108,0,1,0,1,1,1,0,0,0,0,0,0,0,0,0,0,0,0,0,0,0,0,0,220,10583,-1,26,"630
",0,0,0,0,0,0,0,18,112,1
1780485109.094618,0,0,1,1,0,0,0,0,1,0,0,108,0,1,0,1,1,1,0,0,0,0,0,0,0,0,0,0,0,0,0,0,0,0,0,220,10583,-1,26,"631
",0,0,0,0,0,0,0,18,112,2
1780485109.111619,0,0,1,1,0,0,0,0,1,0,0,108,0,1,0,1,1,1,0,0,0,0,0,0,0,0,0,0,0,0,0,0,0,0,0,220,10583,-1,26,"632
",0,0,0,0,0,0,0,18,112,2
1780485109.12962,0,0,1,1,0,0,0,0,1,0,0,108,0,1,0,1,1,1,0,0,0,0,0,0,0,0,0,0,0,0,0,0,0,0,0,220,10583,-1,26,"633
",0,0,0,0,0,0,0,18,112,2
1780485109.149621,0,0,1,1,0,0,0,0,1,0,0,108,0,1,0,1,1,1,0,0,0,0,0,0,0,0,0,0,0,0,0,0,0,0,0,220,10583,4,28,"634
",0,0,0,0,0,0,0,18,112,2
1780485109.177623,0,0,1,1,0,0,0,0,1,0,0,108,0,1,0,1,1,1,0,0,0,0,0,0,0,0,0,0,0,0,0,0,0,0,0,220,10583,-1,26,"635
",0,0,0,0,0,0,0,18,112,3
1780485109.189624,0,0,1,1,0,0,0,0,1,0,0,108,0,1,0,1,1,1,0,0,0,0,0,0,0,0,0,0,0,0,0,0,0,0,0,220,10583,-1,26,"636
",0,0,0,0,0,0,0,18,112,2
1780485109.209625,0,0,1,1,0,0,0,0,1,0,0,107,0,1,0,1,1,1,0,0,0,0,0,0,0,0,0,0,0,0,0,0,0,0,0,220,10583,-1,26,"637
",0,0,0,0,0,0,0,18,112,2
1780485109.228626,0,0,1,1,0,0,0,0,1,0,0,108,0,1,0,1,1,1,0,0,0,0,0,0,0,0,0,0,0,0,0,0,0,0,0,220,10583,-1,26,"638
",0,0,0,0,0,0,0,18,113,2
1780485109.247627,0,0,1,1,0,0,0,0,1,0,0,108,0,1,0,1,1,1,0,0,0,0,0,0,0,0,0,0,0,0,0,0,0,0,0,220,10583,-1,26,"639
",0,0,0,0,0,0,0,18,112,2
1780485109.274629,0,0,1,1,0,0,0,0,1,0,0,108,0,1,0,1,1,1,0,0,0,0,0,0,0,0,0,0,0,0,0,0,0,0,0,220,10583,-1,26,"640
",0,0,0,0,0,0,0,18,112,2
1780485109.288629,0,0,1,1,0,0,0,0,1,0,0,101,0,1,0,1,1,1,0,0,0,0,0,0,0,0,0,0,0,0,0,0,0,0,0,220,10583,-1,26,"641
",0,0,0,0,0,0,0,18,112,2
1780485109.30763,0,0,1,1,0,0,0,0,1,0,0,108,0,1,0,1,1,1,0,0,0,0,0,0,0,0,0,0,0,0,0,0,0,0,0,220,10583,-1,26,"642
",0,0,0,0,0,0,0,18,112,1
1780485109.326632,0,0,1,1,0,0,0,0,1,0,0,108,0,1,0,1,1,1,0,0,0,0,0,0,0,0,0,0,0,0,0,0,0,0,0,220,10583,-1,26,"643
",0,0,0,0,0,0,0,18,112,2
1780485109.347633,0,0,1,1,0,0,0,0,1,0,0,108,0,1,0,1,1,1,0,0,0,0,0,0,0,0,0,0,0,0,0,0,0,0,0,220,10583,-1,26,"644
",0,0,0,0,0,0,0,18,112,2
1780485109.385635,0,0,1,1,0,0,0,0,1,0,0,108,0,1,0,1,1,1,0,0,0,0,0,0,0,0,0,0,0,0,0,0,0,0,0,220,10583,-1,26,"645
",0,0,0,0,0,0,0,18,112,2
1780485109.388635,0,0,1,1,0,0,0,0,1,0,0,108,0,1,0,1,1,1,0,0,0,0,0,0,0,0,0,0,0,0,0,0,0,0,0,220,10583,-1,26,"646
",0,0,0,0,0,0,0,18,112,2
1780485109.405636,0,0,1,1,0,0,0,0,1,0,0,108,0,1,0,1,1,1,0,0,0,0,0,0,0,0,0,0,0,0,0,0,0,0,0,220,10583,-1,26,"647
",0,0,0,0,0,0,0,18,112,2
1780485109.424637,0,0,1,1,0,0,0,0,1,0,0,108,0,1,0,1,1,1,0,0,0,0,0,0,0,0,0,0,0,0,0,0,0,0,0,220,10583,5,28,"648
",0,0,0,0,0,0,0,18,112,1
1780485109.444638,0,0,1,1,0,0,0,0,1,0,0,108,0,1,0,1,1,1,0,0,0,0,0,0,0,0,0,0,0,0,0,0,0,0,0,220,10583,-1,26,"649
",0,0,0,0,0,0,0,18,112,2
1780485109.46564,0,0,1,1,0,0,0,0,1,0,0,107,0,1,0,1,1,1,0,0,0,0,0,0,0,0,0,0,0,0,0,0,0,0,0,220,10583,-1,26,"650
",0,0,0,0,0,0,0,18,112,2
1780485109.485641,0,0,1,1,0,0,0,0,1,0,0,108,0,1,0,1,1,1,0,0,0,0,0,0,0,0,0,0,0,0,0,0,0,0,0,220,10583,-1,26,"651
",0,0,0,0,0,0,0,18,112,2
1780485109.504642,0,0,1,1,0,0,0,0,1,0,0,108,0,1,0,1,1,1,0,0,0,0,0,0,0,0,0,0,0,0,0,0,0,0,0,220,10583,-1,26,"652
",0,0,0,0,0,0,0,18,112,2
1780485109.523643,0,0,1,1,0,0,0,0,1,0,0,108,0,1,0,1,1,1,0,0,0,0,0,0,0,0,0,0,0,0,0,0,0,0,0,220,10583,-1,26,"653
",0,0,0,0,0,0,0,18,112,2
1780485109.543644,0,0,1,1,0,0,0,0,1,0,0,108,0,1,0,1,1,1,0,0,0,0,0,0,0,0,0,0,0,0,0,0,0,0,0,220,10583,-1,26,"654
",0,0,0,0,0,0,0,18,112,2
1780485109.564645,0,0,1,1,0,0,0,0,1,0,0,108,0,1,0,1,1,1,0,0,0,0,0,0,0,0,0,0,0,0,0,0,0,0,0,220,10583,-1,26,"655
",0,0,0,0,0,0,0,18,112,2
1780485109.589647,0,0,1,1,0,0,0,0,1,0,0,108,0,1,0,1,1,1,0,0,0,0,0,0,0,0,0,0,0,0,0,0,0,0,0,220,10583,-1,26,"656
",0,0,0,0,0,0,0,18,112,1
1780485109.602647,0,0,1,1,0,0,0,0,1,0,0,108,0,1,0,1,1,1,0,0,0,0,0,0,0,0,0,0,0,0,0,0,0,0,0,220,10583,-1,26,"657
",0,0,0,0,0,0,0,18,112,2
1780485109.621648,0,0,1,1,0,0,0,0,1,0,0,108,0,1,0,1,1,1,0,0,0,0,0,0,0,0,0,0,0,0,0,0,0,0,0,220,10583,-1,26,"658
",0,0,0,0,0,0,0,18,112,1
1780485109.64165,0,0,1,1,0,0,0,0,1,0,0,108,0,1,0,1,1,1,0,0,0,0,0,0,0,0,0,0,0,0,0,0,0,0,0,220,10583,-1,26,"659
",0,0,0,0,0,0,0,18,112,2
1780485109.660651,0,0,1,1,0,0,0,0,1,0,0,101,0,1,0,1,1,1,0,0,0,0,0,0,0,0,0,0,0,0,0,0,0,0,0,220,10583,-1,26,"660
",0,0,0,0,0,0,0,18,112,2
1780485109.688652,0,0,1,1,0,0,0,0,1,0,0,109,0,1,0,1,1,1,0,0,0,0,0,0,0,0,0,0,0,0,0,0,0,0,0,220,10583,-1,26,"661
",0,0,0,0,0,0,0,18,112,2
1780485109.701653,0,0,1,1,0,0,0,0,1,0,0,108,0,1,0,1,1,1,0,0,0,0,0,0,0,0,0,0,0,0,0,0,0,0,0,220,10583,-1,26,"662
",0,0,0,0,0,0,0,18,112,1
1780485109.720654,0,0,1,1,0,0,0,0,1,0,0,108,0,1,0,1,1,1,0,0,0,0,0,0,0,0,0,0,0,0,0,0,0,0,0,220,10583,0,28,"663
",0,0,0,0,0,0,0,18,112,2
1780485109.739655,0,0,1,1,0,0,0,0,1,0,0,107,0,1,0,1,1,1,0,0,0,0,0,0,0,0,0,0,0,0,0,0,0,0,0,220,10583,-1,26,"664
",0,0,0,0,0,0,0,18,112,1
1780485109.759656,0,0,1,1,0,0,0,0,1,0,0,107,0,1,0,1,1,1,0,0,0,0,0,0,0,0,0,0,0,0,0,0,0,0,0,220,10583,-1,26,"665
",0,0,0,0,0,0,0,18,112,2
1780485109.780658,0,0,1,1,0,0,0,0,1,0,0,108,0,1,0,1,1,1,0,0,0,0,0,0,0,0,0,0,0,0,0,0,0,0,0,220,10583,-1,26,"666
",0,0,0,0,0,0,0,18,112,2
1780485109.799659,0,0,1,1,0,0,0,0,1,0,0,107,0,1,0,1,1,1,0,0,0,0,0,0,0,0,0,0,0,0,0,0,0,0,0,220,10583,-1,26,"667
",0,0,0,0,0,0,0,18,112,2
1780485109.81866,0,0,1,1,0,0,0,0,1,0,0,107,0,1,0,1,1,1,0,0,0,0,0,0,0,0,0,0,0,0,0,0,0,0,0,220,10583,-1,26,"668
",0,0,0,0,0,0,0,18,112,1
1780485109.837661,0,0,1,1,0,0,0,0,1,0,0,107,0,1,0,1,1,1,0,0,0,0,0,0,0,0,0,0,0,0,0,0,0,0,0,220,10583,-1,26,"669
",0,0,0,0,0,0,0,18,112,2
1780485109.857662,0,0,1,1,0,0,0,0,1,0,0,107,0,1,0,1,1,1,0,0,0,0,0,0,0,0,0,0,0,0,0,0,0,0,0,220,10583,-1,26,"670
",0,0,0,0,0,0,0,18,112,1
1780485109.878663,0,0,1,1,0,0,0,0,1,0,0,107,0,1,0,1,1,1,0,0,0,0,0,0,0,0,0,0,0,0,0,0,0,0,0,220,10583,-1,26,"671
",0,0,0,0,0,0,0,18,112,2
1780485109.897664,0,0,1,1,0,0,0,0,1,0,0,100,0,1,0,1,1,1,0,0,0,0,0,0,0,0,0,0,0,0,0,0,0,0,0,220,10583,-1,26,"672
",0,0,0,0,0,0,0,18,112,2
1780485109.917665,0,0,1,1,0,0,0,0,1,0,0,108,0,1,0,1,1,1,0,0,0,0,0,0,0,0,0,0,0,0,0,0,0,0,0,220,10583,-1,26,"673
",0,0,0,0,0,0,0,18,112,2
1780485109.936666,0,0,1,1,0,0,0,0,1,0,0,107,0,1,0,1,1,1,0,0,0,0,0,0,0,0,0,0,0,0,0,0,0,0,0,220,10583,-1,26,"674
",0,0,0,0,0,0,0,18,112,2
1780485109.955668,0,0,1,1,0,0,0,0,1,0,0,106,0,1,0,1,1,1,0,0,0,0,0,0,0,0,0,0,0,0,0,0,0,0,0,220,10583,-1,26,"675
",0,0,0,0,0,0,0,18,112,2
1780485109.976669,0,0,1,1,0,0,0,0,1,0,0,107,0,1,0,1,1,1,0,0,0,0,0,0,0,0,0,0,0,0,0,0,0,0,0,220,10583,-1,26,"676
",0,0,0,0,0,0,0,18,112,1
1780485109.99767,0,0,1,1,0,0,0,0,1,0,0,107,0,1,0,1,1,1,0,0,0,0,0,0,0,0,0,0,0,0,0,0,0,0,0,220,10583,-1,26,"677
",0,0,0,0,0,0,0,18,112,2
1780485110.019671,0,0,1,1,0,0,0,0,1,0,0,107,0,1,0,1,1,1,0,0,0,0,0,0,0,0,0,0,0,0,0,0,0,0,0,220,10583,1,28,"678
",0,0,0,0,0,0,0,18,112,1
1780485110.035672,0,0,1,1,0,0,0,0,1,0,0,107,0,1,0,1,1,1,0,0,0,0,0,0,0,0,0,0,0,0,0,0,0,0,0,220,10583,-1,26,"679
",0,0,0,0,0,0,0,18,112,2
1780485110.054673,0,0,1,1,0,0,0,0,1,0,0,108,0,1,0,1,1,1,0,0,0,0,0,0,0,0,0,0,0,0,0,0,0,0,0,220,10583,-1,26,"680
",0,0,0,0,0,0,0,18,112,2
1780485110.075674,0,0,1,1,0,0,0,0,1,0,0,107,0,1,0,1,1,1,0,0,0,0,0,0,0,0,0,0,0,0,0,0,0,0,0,220,10583,-1,26,"681
",0,0,0,0,0,0,0,18,112,2
1780485110.100676,0,0,1,1,0,0,0,0,1,0,0,107,0,1,0,1,1,1,0,0,0,0,0,0,0,0,0,0,0,0,0,0,0,0,0,220,10583,-1,26,"682
",0,0,0,0,0,0,0,18,112,1
1780485110.116677,0,0,1,1,0,0,0,0,1,0,0,107,0,1,0,1,1,1,0,0,0,0,0,0,0,0,0,0,0,0,0,0,0,0,0,220,10583,-1,26,"683
",0,0,0,0,0,0,0,18,112,2
1780485110.133678,0,0,1,1,0,0,0,0,1,0,0,107,0,1,0,1,1,1,0,0,0,0,0,0,0,0,0,0,0,0,0,0,0,0,0,220,10583,-1,26,"684
",0,0,0,0,0,0,0,18,112,2
1780485110.153679,0,0,1,1,0,0,0,0,1,0,0,107,0,1,0,1,1,1,0,0,0,0,0,0,0,0,0,0,0,0,0,0,0,0,0,220,10583,-1,26,"685
",0,0,0,0,0,0,0,18,112,2
1780485110.17368,0,0,1,1,0,0,0,0,1,0,0,107,0,1,0,1,1,1,0,0,0,0,0,0,0,0,0,0,0,0,0,0,0,0,0,220,10583,-1,26,"686
",0,0,0,0,0,0,0,18,112,2
1780485110.194681,0,0,1,1,0,0,0,0,1,0,0,107,0,1,0,1,1,1,0,0,0,0,0,0,0,0,0,0,0,0,0,0,0,0,0,220,10583,-1,26,"687
",0,0,0,0,0,0,0,18,112,2
1780485110.213682,0,0,1,1,0,0,0,0,1,0,0,107,0,1,0,1,1,1,0,0,0,0,0,0,0,0,0,0,0,0,0,0,0,0,0,220,10583,-1,26,"688
",0,0,0,0,0,0,0,18,112,2
1780485110.232683,0,0,1,1,0,0,0,0,1,0,0,108,0,1,0,1,1,1,0,0,0,0,0,0,0,0,0,0,0,0,0,0,0,0,0,220,10583,-1,26,"689
",0,0,0,0,0,0,0,18,112,3
1780485110.251684,0,0,1,1,0,0,0,0,1,0,0,107,0,1,0,1,1,1,0,0,0,0,0,0,0,0,0,0,0,0,0,0,0,0,0,220,10583,-1,26,"690
",0,0,0,0,0,0,0,18,112,2
1780485110.271686,0,0,1,1,0,0,0,0,1,0,0,100,0,1,0,1,1,1,0,0,0,0,0,0,0,0,0,0,0,0,0,0,0,0,0,220,10583,-1,26,"691
",0,0,0,0,0,0,0,18,112,2
1780485110.293687,0,0,1,1,0,0,0,0,1,0,0,123,0,1,0,1,1,1,0,0,0,0,0,0,0,0,0,0,0,0,0,0,0,0,0,220,10583,2,28,"692
",0,0,0,0,0,0,0,18,112,2
1780485110.311688,0,0,1,1,0,0,0,0,1,0,0,107,0,1,0,1,1,1,0,0,0,0,0,0,0,0,0,0,0,0,0,0,0,0,0,220,10583,-1,26,"693
",0,0,0,0,0,0,0,18,112,2
1780485110.331689,0,0,1,1,0,0,0,0,1,0,0,107,0,1,0,1,1,1,0,0,0,0,0,0,0,0,0,0,0,0,0,0,0,0,0,220,10583,-1,26,"694
",0,0,0,0,0,0,0,18,112,2
1780485110.35069,0,0,1,1,0,0,0,0,1,0,0,107,0,1,0,1,1,1,0,0,0,0,0,0,0,0,0,0,0,0,0,0,0,0,0,220,10583,-1,26,"695
",0,0,0,0,0,0,0,18,112,2
1780485110.370691,0,0,1,1,0,0,0,0,1,0,0,107,0,1,0,1,1,1,0,0,0,0,0,0,0,0,0,0,0,0,0,0,0,0,0,220,10583,-1,26,"696
",0,0,0,0,0,0,0,18,112,2
1780485110.409694,0,0,1,1,0,0,0,0,1,0,0,107,0,1,0,1,1,1,0,0,0,0,0,0,0,0,0,0,0,0,0,0,0,0,0,220,10583,-1,26,"697
",0,0,0,0,0,0,0,18,112,2
1780485110.411694,0,0,1,1,0,0,0,0,1,0,0,107,0,1,0,1,1,1,0,0,0,0,0,0,0,0,0,0,0,0,0,0,0,0,0,220,10583,-1,26,"698
",0,0,0,0,0,0,0,18,112,1
1780485110.430695,0,0,1,1,0,0,0,0,1,0,0,107,0,1,0,1,1,1,0,0,0,0,0,0,0,0,0,0,0,0,0,0,0,0,0,220,10583,-1,26,"699
",0,0,0,0,0,0,0,18,112,2
1780485110.449696,0,0,1,1,0,0,0,0,1,0,0,106,0,1,0,1,1,1,0,0,0,0,0,0,0,0,0,0,0,0,0,0,0,0,0,220,10583,-1,26,"700
",0,0,0,0,0,0,0,18,112,2
1780485110.468697,0,0,1,1,0,0,0,0,1,0,0,107,0,1,0,1,1,1,0,0,0,0,0,0,0,0,0,0,0,0,0,0,0,0,0,220,10583,-1,26,"701
",0,0,0,0,0,0,0,18,112,2
1780485110.490698,0,0,1,1,0,0,0,0,1,0,0,107,0,1,0,1,1,1,0,0,0,0,0,0,0,0,0,0,0,0,0,0,0,0,0,220,10583,-1,26,"702
",0,0,0,0,0,0,0,18,112,3
1780485110.509699,0,0,1,1,0,0,0,0,1,0,0,107,0,1,0,1,1,1,0,0,0,0,0,0,0,0,0,0,0,0,0,0,0,0,0,220,10583,-1,26,"703
",0,0,0,0,0,0,0,18,112,3
1780485110.5307,0,0,1,1,0,0,0,0,1,0,0,108,0,1,0,1,1,1,0,0,0,0,0,0,0,0,0,0,0,0,0,0,0,0,0,220,10583,-1,26,"704
",0,0,0,0,0,0,0,18,112,2
1780485110.547701,0,0,1,1,0,0,0,0,1,0,0,106,0,1,0,1,1,1,0,0,0,0,0,0,0,0,0,0,0,0,0,0,0,0,0,220,10583,-1,26,"705
",0,0,0,0,0,0,0,18,112,2
1780485110.567703,0,0,1,1,0,0,0,0,1,0,0,107,0,1,0,1,1,1,0,0,0,0,0,0,0,0,0,0,0,0,0,0,0,0,0,220,10583,3,28,"706
",0,0,0,0,0,0,0,18,112,3
1780485110.587704,0,0,1,1,0,0,0,0,1,0,0,108,0,1,0,1,1,1,0,0,0,0,0,0,0,0,0,0,0,0,0,0,0,0,0,220,10583,-1,26,"707
",0,0,0,0,0,0,0,18,112,2
1780485110.609705,0,0,1,1,0,0,0,0,1,0,0,101,0,1,0,1,1,1,0,0,0,0,0,0,0,0,0,0,0,0,0,0,0,0,0,220,10583,-1,26,"708
",0,0,0,0,0,0,0,18,112,2
1780485110.628706,0,0,1,1,0,0,0,0,1,0,0,108,0,1,0,1,1,1,0,0,0,0,0,0,0,0,0,0,0,0,0,0,0,0,0,220,10583,-1,26,"709
",0,0,0,0,0,0,0,18,112,2
1780485110.646707,0,0,1,1,0,0,0,0,1,0,0,108,0,1,0,1,1,1,0,0,0,0,0,0,0,0,0,0,0,0,0,0,0,0,0,220,10583,-1,26,"710
",0,0,0,0,0,0,0,18,112,2
1780485110.665708,0,0,1,1,0,0,0,0,1,0,0,108,0,1,0,1,1,1,0,0,0,0,0,0,0,0,0,0,0,0,0,0,0,0,0,220,10583,-1,26,"711
",0,0,0,0,0,0,0,18,112,2
1780485110.685709,0,0,1,1,0,0,0,0,1,0,0,108,0,1,0,1,1,1,0,0,0,0,0,0,0,0,0,0,0,0,0,0,0,0,0,220,10583,-1,26,"712
",0,0,0,0,0,0,0,18,112,2
1780485110.719711,0,0,1,1,0,0,0,0,1,0,0,108,0,1,0,1,1,1,0,0,0,0,0,0,0,0,0,0,0,0,0,0,0,0,0,220,10583,-1,26,"713
",0,0,0,0,0,0,0,18,112,2
1780485110.726712,0,0,1,1,0,0,0,0,1,0,0,108,0,1,0,1,1,1,0,0,0,0,0,0,0,0,0,0,0,0,0,0,0,0,0,220,10583,-1,26,"714
",0,0,0,0,0,0,0,18,112,1
1780485110.744713,0,0,1,1,0,0,0,0,1,0,0,108,0,1,0,1,1,1,0,0,0,0,0,0,0,0,0,0,0,0,0,0,0,0,0,220,10583,-1,26,"715
",0,0,0,0,0,0,0,18,112,2
1780485110.764714,0,0,1,1,0,0,0,0,1,0,0,108,0,1,0,1,1,1,0,0,0,0,0,0,0,0,0,0,0,0,0,0,0,0,0,220,10583,-1,26,"716
",0,0,0,0,0,0,0,18,112,2
1780485110.783715,0,0,1,1,0,0,0,0,1,0,0,108,0,1,0,1,1,1,0,0,0,0,0,0,0,0,0,0,0,0,0,0,0,0,0,220,10583,-1,26,"717
",0,0,0,0,0,0,0,18,112,2
1780485110.805716,0,0,1,1,0,0,0,0,1,0,0,108,0,1,0,1,1,1,0,0,0,0,0,0,0,0,0,0,0,0,0,0,0,0,0,220,10583,-1,26,"718
",0,0,0,0,0,0,0,18,112,2
1780485110.823717,0,0,1,1,0,0,0,0,1,0,0,108,0,1,0,1,1,1,0,0,0,0,0,0,0,0,0,0,0,0,0,0,0,0,0,220,10583,-1,26,"719
",0,0,0,0,0,0,0,18,112,2
1780485110.842718,0,0,1,1,0,0,0,0,1,0,0,108,0,1,0,1,1,1,0,0,0,0,0,0,0,0,0,0,0,0,0,0,0,0,0,220,10583,-1,26,"720
",0,0,0,0,0,0,0,18,112,2
1780485110.862719,0,0,1,1,0,0,0,0,1,0,0,108,0,1,0,1,1,1,0,0,0,0,0,0,0,0,0,0,0,0,0,0,0,0,0,220,10583,4,28,"721
",0,0,0,0,0,0,0,18,112,2
1780485110.882721,0,0,1,1,0,0,0,0,1,0,0,108,0,1,0,1,1,1,0,0,0,0,0,0,0,0,0,0,0,0,0,0,0,0,0,220,10583,-1,26,"722
",0,0,0,0,0,0,0,18,112,2
1780485110.906722,0,0,1,1,0,0,0,0,1,0,0,108,0,1,0,1,1,1,0,0,0,0,0,0,0,0,0,0,0,0,0,0,0,0,0,220,10583,-1,26,"723
",0,0,0,0,0,0,0,18,112,2
1780485110.922723,0,0,1,1,0,0,0,0,1,0,0,108,0,1,0,1,1,1,0,0,0,0,0,0,0,0,0,0,0,0,0,0,0,0,0,220,10583,-1,26,"724
",0,0,0,0,0,0,0,18,112,1
1780485110.941724,0,0,1,1,0,0,0,0,1,0,0,107,0,1,0,1,1,1,0,0,0,0,0,0,0,0,0,0,0,0,0,0,0,0,0,220,10583,-1,26,"725
",0,0,0,0,0,0,0,18,112,2
1780485110.960725,0,0,1,1,0,0,0,0,1,0,0,108,0,1,0,1,1,1,0,0,0,0,0,0,0,0,0,0,0,0,0,0,0,0,0,220,10583,-1,26,"726
",0,0,0,0,0,0,0,18,112,2
1780485110.980726,0,0,1,1,0,0,0,0,1,0,0,108,0,1,0,1,1,1,0,0,0,0,0,0,0,0,0,0,0,0,0,0,0,0,0,220,10583,-1,26,"727
",0,0,0,0,0,0,0,18,112,2
1780485111.001727,0,0,1,1,0,0,0,0,1,0,0,108,0,1,0,1,1,1,0,0,0,0,0,0,0,0,0,0,0,0,0,0,0,0,0,220,10583,-1,26,"728
",0,0,0,0,0,0,0,18,112,2
1780485111.023729,0,0,1,1,0,0,0,0,1,0,0,108,0,1,0,1,1,1,0,0,0,0,0,0,0,0,0,0,0,0,0,0,0,0,0,220,10583,-1,26,"729
",0,0,0,0,0,0,0,18,112,2
1780485111.04373,0,0,1,1,0,0,0,0,1,0,0,108,0,1,0,1,1,1,0,0,0,0,0,0,0,0,0,0,0,0,0,0,0,0,0,220,10583,-1,26,"730
",0,0,0,0,0,0,0,18,112,2
1780485111.059731,0,0,1,1,0,0,0,0,1,0,0,108,0,1,0,1,1,1,0,0,0,0,0,0,0,0,0,0,0,0,0,0,0,0,0,220,10583,-1,26,"731
",0,0,0,0,0,0,0,18,112,2
1780485111.078732,0,0,1,1,0,0,0,0,1,0,0,108,0,1,0,1,1,1,0,0,0,0,0,0,0,0,0,0,0,0,0,0,0,0,0,220,10583,-1,26,"732
",0,0,0,0,0,0,0,18,112,2
1780485111.099733,0,0,1,1,0,0,0,0,1,0,0,108,0,1,0,1,1,1,0,0,0,0,0,0,0,0,0,0,0,0,0,0,0,0,0,220,10583,-1,26,"733
",0,0,0,0,0,0,0,18,112,2
1780485111.124734,0,0,1,1,0,0,0,0,1,0,0,107,0,1,0,1,1,1,0,0,0,0,0,0,0,0,0,0,0,0,0,0,0,0,0,220,10583,-1,26,"734
",0,0,0,0,0,0,0,18,112,2
1780485111.138735,0,0,1,1,0,0,0,0,1,0,0,108,0,1,0,1,1,1,0,0,0,0,0,0,0,0,0,0,0,0,0,0,0,0,0,220,10583,5,28,"735
",0,0,0,0,0,0,0,18,112,2
1780485111.157736,0,0,1,1,0,0,0,0,1,0,0,108,0,1,0,1,1,1,0,0,0,0,0,0,0,0,0,0,0,0,0,0,0,0,0,220,10583,-1,26,"736
",0,0,0,0,0,0,0,18,112,2
1780485111.177737,0,0,1,1,0,0,0,0,1,0,0,108,0,1,0,1,1,1,0,0,0,0,0,0,0,0,0,0,0,0,0,0,0,0,0,220,10583,-1,26,"737
",0,0,0,0,0,0,0,18,112,2
1780485111.196739,0,0,1,1,0,0,0,0,1,0,0,109,0,1,0,1,1,1,0,0,0,0,0,0,0,0,0,0,0,0,0,0,0,0,0,220,10583,-1,26,"738
",0,0,0,0,0,0,0,18,112,2
1780485111.22674,0,0,1,1,0,0,0,0,1,0,0,102,0,1,0,1,1,1,0,0,0,0,0,0,0,0,0,0,0,0,0,0,0,0,0,220,10583,-1,26,"739
",0,0,0,0,0,0,0,18,112,2
1780485111.236741,0,0,1,1,0,0,0,0,1,0,0,108,0,1,0,1,1,1,0,0,0,0,0,0,0,0,0,0,0,0,0,0,0,0,0,220,10583,-1,26,"740
",0,0,0,0,0,0,0,18,112,1
1780485111.255742,0,0,1,1,0,0,0,0,1,0,0,108,0,1,0,1,1,1,0,0,0,0,0,0,0,0,0,0,0,0,0,0,0,0,0,220,10583,-1,26,"741
",0,0,0,0,0,0,0,18,112,2
1780485111.275743,0,0,1,1,0,0,0,0,1,0,0,108,0,1,0,1,1,1,0,0,0,0,0,0,0,0,0,0,0,0,0,0,0,0,0,220,10583,-1,26,"742
",0,0,0,0,0,0,0,18,112,2
1780485111.295744,0,0,1,1,0,0,0,0,1,0,0,108,0,1,0,1,1,1,0,0,0,0,0,0,0,0,0,0,0,0,0,0,0,0,0,220,10583,-1,26,"743
",0,0,0,0,0,0,0,18,112,2
1780485111.320746,0,0,1,1,0,0,0,0,1,0,0,108,0,1,0,1,1,1,0,0,0,0,0,0,0,0,0,0,0,0,0,0,0,0,0,220,10583,-1,26,"744
",0,0,0,0,0,0,0,18,112,2
1780485111.335746,0,0,1,1,0,0,0,0,1,0,0,108,0,1,0,1,1,1,0,0,0,0,0,0,0,0,0,0,0,0,0,0,0,0,0,220,10583,-1,26,"745
",0,0,0,0,0,0,0,18,112,2
1780485111.355748,0,0,1,1,0,0,0,0,1,0,0,108,0,1,0,1,1,1,0,0,0,0,0,0,0,0,0,0,0,0,0,0,0,0,0,220,10583,-1,26,"746
",0,0,0,0,0,0,0,18,112,3
1780485111.374749,0,0,1,1,0,0,0,0,1,0,0,108,0,1,0,1,1,1,0,0,0,0,0,0,0,0,0,0,0,0,0,0,0,0,0,220,10583,-1,26,"747
",0,0,0,0,0,0,0,18,112,2
1780485111.39375,0,0,1,1,0,0,0,0,1,0,0,108,0,1,0,1,1,1,0,0,0,0,0,0,0,0,0,0,0,0,0,0,0,0,0,220,10583,-1,26,"748
",0,0,0,0,0,0,0,18,112,3
1780485111.418751,0,0,1,1,0,0,0,0,1,0,0,108,0,1,0,1,1,1,0,0,0,0,0,0,0,0,0,0,0,0,0,0,0,0,0,220,10583,-1,26,"749
",0,0,0,0,0,0,0,18,112,2
1780485111.433752,0,0,1,1,0,0,0,0,1,0,0,108,0,1,0,1,1,1,0,0,0,0,0,0,0,0,0,0,0,0,0,0,0,0,0,220,10583,0,28,"750
",0,0,0,0,0,0,0,18,112,2
1780485111.453753,0,0,1,1,0,0,0,0,1,0,0,107,0,1,0,1,1,1,0,0,0,0,0,0,0,0,0,0,0,0,0,0,0,0,0,220,10583,-1,26,"751
",0,0,0,0,0,0,0,18,112,3
1780485111.472754,0,0,1,1,0,0,0,0,1,0,0,108,0,1,0,1,1,1,0,0,0,0,0,0,0,0,0,0,0,0,0,0,0,0,0,220,10583,-1,26,"752
",0,0,0,0,0,0,0,18,112,2
1780485111.492755,0,0,1,1,0,0,0,0,1,0,0,107,0,1,0,1,1,1,0,0,0,0,0,0,0,0,0,0,0,0,0,0,0,0,0,220,10583,-1,26,"753
",0,0,0,0,0,0,0,18,112,3
1780485111.513757,0,0,1,1,0,0,0,0,1,0,0,101,0,1,0,1,1,1,0,0,0,0,0,0,0,0,0,0,0,0,0,0,0,0,0,220,10583,-1,26,"754
",0,0,0,0,0,0,0,18,112,2
1780485111.533758,0,0,1,1,0,0,0,0,1,0,0,108,0,1,0,1,1,1,0,0,0,0,0,0,0,0,0,0,0,0,0,0,0,0,0,220,10583,-1,26,"755
",0,0,0,0,0,0,0,18,112,2
1780485111.556759,0,0,1,1,0,0,0,0,1,0,0,108,0,1,0,1,1,1,0,0,0,0,0,0,0,0,0,0,0,0,0,0,0,0,0,220,10583,-1,26,"756
",0,0,0,0,0,0,0,18,112,2
1780485111.57176,0,0,1,1,0,0,0,0,1,0,0,108,0,1,0,1,1,1,0,0,0,0,0,0,0,0,0,0,0,0,0,0,0,0,0,220,10583,-1,26,"757
",0,0,0,0,0,0,0,18,112,3
1780485111.591761,0,0,1,1,0,0,0,0,1,0,0,107,0,1,0,1,1,1,0,0,0,0,0,0,0,0,0,0,0,0,0,0,0,0,0,220,10583,-1,26,"758
",0,0,0,0,0,0,0,18,112,3
1780485111.611762,0,0,1,1,0,0,0,0,1,0,0,106,0,1,0,1,1,1,0,0,0,0,0,0,0,0,0,0,0,0,0,0,0,0,0,220,10583,-1,26,"759
",0,0,0,0,0,0,0,18,112,3
1780485111.630763,0,0,1,1,0,0,0,0,1,0,0,107,0,1,0,1,1,1,0,0,0,0,0,0,0,0,0,0,0,0,0,0,0,0,0,220,10583,-1,26,"760
",0,0,0,0,0,0,0,18,112,2
1780485111.656765,0,0,1,1,0,0,0,0,1,0,0,108,0,1,0,1,1,1,0,0,0,0,0,0,0,0,0,0,0,0,0,0,0,0,0,220,10583,-1,26,"761
",0,0,0,0,0,0,0,18,112,2
1780485111.670766,0,0,1,1,0,0,0,0,1,0,0,107,0,1,0,1,1,1,0,0,0,0,0,0,0,0,0,0,0,0,0,0,0,0,0,220,10583,-1,26,"762
",0,0,0,0,0,0,0,18,112,2
1780485111.689767,0,0,1,1,0,0,0,0,1,0,0,108,0,1,0,1,1,1,0,0,0,0,0,0,0,0,0,0,0,0,0,0,0,0,0,220,10583,-1,26,"763
",0,0,0,0,0,0,0,18,112,2
1780485111.708768,0,0,1,1,0,0,0,0,1,0,0,107,0,1,0,1,1,1,0,0,0,0,0,0,0,0,0,0,0,0,0,0,0,0,0,220,10583,1,28,"764
",0,0,0,0,0,0,0,18,112,2
1780485111.729769,0,0,1,1,0,0,0,0,1,0,0,107,0,1,0,1,1,1,0,0,0,0,0,0,0,0,0,0,0,0,0,0,0,0,0,220,10583,-1,26,"765
",0,0,0,0,0,0,0,18,112,2
1780485111.74877,0,0,1,1,0,0,0,0,1,0,0,107,0,1,0,1,1,1,0,0,0,0,0,0,0,0,0,0,0,0,0,0,0,0,0,220,10583,-1,26,"766
",0,0,0,0,0,0,0,18,112,2
1780485111.767771,0,0,1,1,0,0,0,0,1,0,0,107,0,1,0,1,1,1,0,0,0,0,0,0,0,0,0,0,0,0,0,0,0,0,0,220,10583,-1,26,"767
",0,0,0,0,0,0,0,18,112,3
1780485111.787772,0,0,1,1,0,0,0,0,1,0,0,107,0,1,0,1,1,1,0,0,0,0,0,0,0,0,0,0,0,0,0,0,0,0,0,220,10583,-1,26,"768
",0,0,0,0,0,0,0,18,112,3
1780485111.806773,0,0,1,1,0,0,0,0,1,0,0,107,0,1,0,1,1,1,0,0,0,0,0,0,0,0,0,0,0,0,0,0,0,0,0,220,10583,-1,26,"769
",0,0,0,0,0,0,0,18,112,3
1780485111.830775,0,0,1,1,0,0,0,0,1,0,0,107,0,1,0,1,1,1,0,0,0,0,0,0,0,0,0,0,0,0,0,0,0,0,0,220,10583,-1,26,"770
",0,0,0,0,0,0,0,18,112,2
1780485111.846776,0,0,1,1,0,0,0,0,1,0,0,107,0,1,0,1,1,1,0,0,0,0,0,0,0,0,0,0,0,0,0,0,0,0,0,220,10583,-1,26,"771
",0,0,0,0,0,0,0,18,112,2
1780485111.865777,0,0,1,1,0,0,0,0,1,0,0,107,0,1,0,1,1,1,0,0,0,0,0,0,0,0,0,0,0,0,0,0,0,0,0,220,10583,-1,26,"772
",0,0,0,0,0,0,0,18,112,2
1780485111.886778,0,0,1,1,0,0,0,0,1,0,0,107,0,1,0,1,1,1,0,0,0,0,0,0,0,0,0,0,0,0,0,0,0,0,0,220,10583,-1,26,"773
",0,0,0,0,0,0,0,18,112,2
1780485111.905779,0,0,1,1,0,0,0,0,1,0,0,107,0,1,0,1,1,1,0,0,0,0,0,0,0,0,0,0,0,0,0,0,0,0,0,220,10583,-1,26,"774
",0,0,0,0,0,0,0,18,112,2
1780485111.943781,0,0,1,1,0,0,0,0,1,0,0,108,0,1,0,1,1,1,0,0,0,0,0,0,0,0,0,0,0,0,0,0,0,0,0,220,10583,-1,26,"775
",0,0,0,0,0,0,0,18,112,2
1780485111.946781,0,0,1,1,0,0,0,0,1,0,0,101,0,1,0,1,1,1,0,0,0,0,0,0,0,0,0,0,0,0,0,0,0,0,0,220,10583,-1,26,"776
",0,0,0,0,0,0,0,18,112,2
1780485111.964782,0,0,1,1,0,0,0,0,1,0,0,108,0,1,0,1,1,1,0,0,0,0,0,0,0,0,0,0,0,0,0,0,0,0,0,220,10583,-1,26,"777
",0,0,0,0,0,0,0,18,112,2
1780485111.984784,0,0,1,1,0,0,0,0,1,0,0,107,0,1,0,1,1,1,0,0,0,0,0,0,0,0,0,0,0,0,0,0,0,0,0,220,10583,2,28,"778
",0,0,0,0,0,0,0,18,112,2
1780485112.004785,0,0,1,1,0,0,0,0,1,0,0,107,0,1,0,1,1,1,0,0,0,0,0,0,0,0,0,0,0,0,0,0,0,0,0,220,10583,-1,26,"779
",0,0,0,0,0,0,0,18,112,2
1780485112.025786,0,0,1,1,0,0,0,0,1,0,0,107,0,1,0,1,1,1,0,0,0,0,0,0,0,0,0,0,0,0,0,0,0,0,0,220,10583,-1,26,"780
",0,0,0,0,0,0,0,18,112,3
1780485112.044787,0,0,1,1,0,0,0,0,1,0,0,107,0,1,0,1,1,1,0,0,0,0,0,0,0,0,0,0,0,0,0,0,0,0,0,220,10583,-1,26,"781
",0,0,0,0,0,0,0,18,112,2
1780485112.063788,0,0,1,1,0,0,0,0,1,0,0,101,0,1,0,1,1,1,0,0,0,0,0,0,0,0,0,0,0,0,0,0,0,0,0,220,10583,-1,26,"782
",0,0,0,0,0,0,0,18,112,2
1780485112.083789,0,0,1,1,0,0,0,0,1,0,0,108,0,1,0,1,1,1,0,0,0,0,0,0,0,0,0,0,0,0,0,0,0,0,0,220,10583,-1,26,"783
",0,0,0,0,0,0,0,18,112,2
1780485112.10279,0,0,1,1,0,0,0,0,1,0,0,107,0,1,0,1,1,1,0,0,0,0,0,0,0,0,0,0,0,0,0,0,0,0,0,220,10583,-1,26,"784
",0,0,0,0,0,0,0,18,112,1
1780485112.125792,0,0,1,1,0,0,0,0,1,0,0,107,0,1,0,1,1,1,0,0,0,0,0,0,0,0,0,0,0,0,0,0,0,0,0,220,10583,-1,26,"785
",0,0,0,0,0,0,0,18,112,2
1780485112.142793,0,0,1,1,0,0,0,0,1,0,0,107,0,1,0,1,1,1,0,0,0,0,0,0,0,0,0,0,0,0,0,0,0,0,0,220,10583,-1,26,"786
",0,0,0,0,0,0,0,18,112,2
1780485112.162794,0,0,1,1,0,0,0,0,1,0,0,107,0,1,0,1,1,1,0,0,0,0,0,0,0,0,0,0,0,0,0,0,0,0,0,220,10583,-1,26,"787
",0,0,0,0,0,0,0,18,112,2
1780485112.181795,0,0,1,1,0,0,0,0,1,0,0,108,0,1,0,1,1,1,0,0,0,0,0,0,0,0,0,0,0,0,0,0,0,0,0,220,10583,-1,26,"788
",0,0,0,0,0,0,0,18,112,2
1780485112.201796,0,0,1,1,0,0,0,0,1,0,0,107,0,1,0,1,1,1,0,0,0,0,0,0,0,0,0,0,0,0,0,0,0,0,0,220,10583,-1,26,"789
",0,0,0,0,0,0,0,18,112,2
1780485112.221797,0,0,1,1,0,0,0,0,1,0,0,107,0,1,0,1,1,1,0,0,0,0,0,0,0,0,0,0,0,0,0,0,0,0,0,220,10583,-1,26,"790
",0,0,0,0,0,0,0,18,112,1
1780485112.247799,0,0,1,1,0,0,0,0,1,0,0,101,0,1,0,1,1,1,0,0,0,0,0,0,0,0,0,0,0,0,0,0,0,0,0,220,10583,-1,26,"791
",0,0,0,0,0,0,0,18,112,2
1780485112.260799,0,0,1,1,0,0,0,0,1,0,0,107,0,1,0,1,1,1,0,0,0,0,0,0,0,0,0,0,0,0,0,0,0,0,0,220,10583,-1,26,"792
",0,0,0,0,0,0,0,18,112,2
1780485112.280801,0,0,1,1,0,0,0,0,1,0,0,107,0,1,0,1,1,1,0,0,0,0,0,0,0,0,0,0,0,0,0,0,0,0,0,220,10583,3,28,"793
",0,0,0,0,0,0,0,18,112,2
1780485112.299802,0,0,1,1,0,0,0,0,1,0,0,108,0,1,0,1,1,1,0,0,0,0,0,0,0,0,0,0,0,0,0,0,0,0,0,220,10583,-1,26,"794
",0,0,0,0,0,0,0,18,112,2
1780485112.319803,0,0,1,1,0,0,0,0,1,0,0,108,0,1,0,1,1,1,0,0,0,0,0,0,0,0,0,0,0,0,0,0,0,0,0,220,10583,-1,26,"795
",0,0,0,0,0,0,0,18,112,2
1780485112.357805,0,0,1,1,0,0,0,0,1,0,0,108,0,1,0,1,1,1,0,0,0,0,0,0,0,0,0,0,0,0,0,0,0,0,0,220,10583,-1,26,"796
",0,0,0,0,0,0,0,18,112,1
1780485112.360805,0,0,1,1,0,0,0,0,1,0,0,108,0,1,0,1,1,1,0,0,0,0,0,0,0,0,0,0,0,0,0,0,0,0,0,220,10583,-1,26,"797
",0,0,0,0,0,0,0,18,112,2
1780485112.378806,0,0,1,1,0,0,0,0,1,0,0,108,0,1,0,1,1,1,0,0,0,0,0,0,0,0,0,0,0,0,0,0,0,0,0,220,10583,-1,26,"798
",0,0,0,0,0,0,0,18,112,2
1780485112.398807,0,0,1,1,0,0,0,0,1,0,0,108,0,1,0,1,1,1,0,0,0,0,0,0,0,0,0,0,0,0,0,0,0,0,0,220,10583,-1,26,"799
",0,0,0,0,0,0,0,18,112,2
1780485112.418808,0,0,1,1,0,0,0,0,1,0,0,109,0,1,0,1,1,1,0,0,0,0,0,0,0,0,0,0,0,0,0,0,0,0,0,220,10583,-1,26,"800
",0,0,0,0,0,0,0,18,112,3
1780485112.43881,0,0,1,1,0,0,0,0,1,0,0,108,0,1,0,1,1,1,0,0,0,0,0,0,0,0,0,0,0,0,0,0,0,0,0,220,10583,-1,26,"801
",0,0,0,0,0,0,0,18,112,3
1780485112.458811,0,0,1,1,0,0,0,0,1,0,0,108,0,1,0,1,1,1,0,0,0,0,0,0,0,0,0,0,0,0,0,0,0,0,0,220,10583,-1,26,"802
",0,0,0,0,0,0,0,18,112,2
1780485112.477812,0,0,1,1,0,0,0,0,1,0,0,107,0,1,0,1,1,1,0,0,0,0,0,0,0,0,0,0,0,0,0,0,0,0,0,220,10583,-1,26,"803
",0,0,0,0,0,0,0,18,112,2
1780485112.496813,0,0,1,1,0,0,0,0,1,0,0,108,0,1,0,1,1,1,0,0,0,0,0,0,0,0,0,0,0,0,0,0,0,0,0,220,10583,-1,26,"804
",0,0,0,0,0,0,0,18,112,2
1780485112.516814,0,0,1,1,0,0,0,0,1,0,0,101,0,1,0,1,1,1,0,0,0,0,0,0,0,0,0,0,0,0,0,0,0,0,0,220,10583,-1,26,"805
",0,0,0,0,0,0,0,18,112,2
1780485112.537815,0,0,1,1,0,0,0,0,1,0,0,108,0,1,0,1,1,1,0,0,0,0,0,0,0,0,0,0,0,0,0,0,0,0,0,220,10583,-1,26,"806
",0,0,0,0,0,0,0,18,112,2
1780485112.562817,0,0,1,1,0,0,0,0,1,0,0,108,0,1,0,1,1,1,0,0,0,0,0,0,0,0,0,0,0,0,0,0,0,0,0,220,10583,-1,26,"807
",0,0,0,0,0,0,0,18,112,2
1780485112.579818,0,0,1,1,0,0,0,0,1,0,0,108,0,1,0,1,1,1,0,0,0,0,0,0,0,0,0,0,0,0,0,0,0,0,0,220,10583,4,28,"808
",0,0,0,0,0,0,0,18,112,1
1780485112.595819,0,0,1,1,0,0,0,0,1,0,0,108,0,1,0,1,1,1,0,0,0,0,0,0,0,0,0,0,0,0,0,0,0,0,0,220,10583,-1,26,"809
",0,0,0,0,0,0,0,18,112,2
1780485112.61482,0,0,1,1,0,0,0,0,1,0,0,102,0,1,0,1,1,1,0,0,0,0,0,0,0,0,0,0,0,0,0,0,0,0,0,220,10583,-1,26,"810
",0,0,0,0,0,0,0,18,112,3
1780485112.635821,0,0,1,1,0,0,0,0,1,0,0,108,0,1,0,1,1,1,0,0,0,0,0,0,0,0,0,0,0,0,0,0,0,0,0,220,10583,-1,26,"811
",0,0,0,0,0,0,0,18,112,3
1780485112.659822,0,0,1,1,0,0,0,0,1,0,0,108,0,1,0,1,1,1,0,0,0,0,0,0,0,0,0,0,0,0,0,0,0,0,0,220,10583,-1,26,"812
",0,0,0,0,0,0,0,18,112,2
1780485112.682824,0,0,1,1,0,0,0,0,1,0,0,108,0,1,0,1,1,1,0,0,0,0,0,0,0,0,0,0,0,0,0,0,0,0,0,220,10583,-1,26,"813
",0,0,0,0,0,0,0,18,112,2
1780485112.693824,0,0,1,1,0,0,0,0,1,0,0,107,0,1,0,1,1,1,0,0,0,0,0,0,0,0,0,0,0,0,0,0,0,0,0,220,10583,-1,26,"814
",0,0,0,0,0,0,0,18,112,1
1780485112.713825,0,0,1,1,0,0,0,0,1,0,0,108,0,1,0,1,1,1,0,0,0,0,0,0,0,0,0,0,0,0,0,0,0,0,0,220,10583,-1,26,"815
",0,0,0,0,0,0,0,18,112,2
1780485112.753828,0,0,1,1,0,0,0,0,1,0,0,108,0,1,0,1,1,1,0,0,0,0,0,0,0,0,0,0,0,0,0,0,0,0,0,220,10583,-1,26,"816
",0,0,0,0,0,0,0,18,112,2
1780485112.756828,0,0,1,1,0,0,0,0,1,0,0,94,0,1,0,1,1,1,0,0,0,0,0,0,0,0,0,0,0,0,0,0,0,0,0,220,10583,-1,26,"817
",0,0,0,0,0,0,0,18,112,3
1780485112.79483,0,0,1,1,0,0,0,0,1,0,0,107,0,1,0,1,1,1,0,0,0,0,0,0,0,0,0,0,0,0,0,0,0,0,0,220,10583,-1,26,"818
",0,0,0,0,0,0,0,18,112,3
1780485112.818831,0,0,1,1,0,0,0,0,1,0,0,108,0,1,0,1,1,1,0,0,0,0,0,0,0,0,0,0,0,0,0,0,0,0,0,220,10583,-1,26,"819
",0,0,0,0,0,0,0,18,112,3
1780485112.821831,0,0,1,1,0,0,0,0,1,0,0,108,0,1,0,1,1,1,0,0,0,0,0,0,0,0,0,0,0,0,0,0,0,0,0,220,10583,-1,26,"820
",0,0,0,0,0,0,0,18,112,2
1780485112.832832,0,0,1,1,0,0,0,0,1,0,0,108,0,1,0,1,1,1,0,0,0,0,0,0,0,0,0,0,0,0,0,0,0,0,0,220,10583,5,28,"821
",0,0,0,0,0,0,0,18,112,3
1780485112.854833,0,0,1,1,0,0,0,0,1,0,0,108,0,1,0,1,1,1,0,0,0,0,0,0,0,0,0,0,0,0,0,0,0,0,0,220,10583,-1,26,"822
",0,0,0,0,0,0,0,18,112,2
1780485112.871834,0,0,1,1,0,0,0,0,1,0,0,108,0,1,0,1,1,1,0,0,0,0,0,0,0,0,0,0,0,0,0,0,0,0,0,220,10583,-1,26,"823
",0,0,0,0,0,0,0,18,112,2
1780485112.891835,0,0,1,1,0,0,0,0,1,0,0,108,0,1,0,1,1,1,0,0,0,0,0,0,0,0,0,0,0,0,0,0,0,0,0,220,10583,-1,26,"824
",0,0,0,0,0,0,0,18,112,2
1780485112.911837,0,0,1,1,0,0,0,0,1,0,0,108,0,1,0,1,1,1,0,0,0,0,0,0,0,0,0,0,0,0,0,0,0,0,0,220,10583,-1,26,"825
",0,0,0,0,0,0,0,18,112,2
1780485112.930838,0,0,1,1,0,0,0,0,1,0,0,109,0,1,0,1,1,1,0,0,0,0,0,0,0,0,0,0,0,0,0,0,0,0,0,220,10583,-1,26,"826
",0,0,0,0,0,0,0,18,112,2
1780485112.951839,0,0,1,1,0,0,0,0,1,0,0,108,0,1,0,1,1,1,0,0,0,0,0,0,0,0,0,0,0,0,0,0,0,0,0,220,10583,-1,26,"827
",0,0,0,0,0,0,0,18,112,3
1780485112.97184,0,0,1,1,0,0,0,0,1,0,0,107,0,1,0,1,1,1,0,0,0,0,0,0,0,0,0,0,0,0,0,0,0,0,0,220,10583,-1,26,"828
",0,0,0,0,0,0,0,18,112,3
1780485112.991841,0,0,1,1,0,0,0,0,1,0,0,102,0,1,0,1,1,1,0,0,0,0,0,0,0,0,0,0,0,0,0,0,0,0,0,220,10583,-1,26,"829
",0,0,0,0,0,0,0,18,112,3
1780485113.009842,0,0,1,1,0,0,0,0,1,0,0,108,0,1,0,1,1,1,0,0,0,0,0,0,0,0,0,0,0,0,0,0,0,0,0,220,10583,-1,26,"830
",0,0,0,0,0,0,0,18,112,2
1780485113.029843,0,0,1,1,0,0,0,0,1,0,0,108,0,1,0,1,1,1,0,0,0,0,0,0,0,0,0,0,0,0,0,0,0,0,0,220,10583,-1,26,"831
",0,0,0,0,0,0,0,18,112,2
1780485113.049845,0,0,1,1,0,0,0,0,1,0,0,108,0,1,0,1,1,1,0,0,0,0,0,0,0,0,0,0,0,0,0,0,0,0,0,220,10583,-1,26,"832
",0,0,0,0,0,0,0,18,112,2
1780485113.068846,0,0,1,1,0,0,0,0,1,0,0,109,0,1,0,1,1,1,0,0,0,0,0,0,0,0,0,0,0,0,0,0,0,0,0,220,10583,-1,26,"833
",0,0,0,0,0,0,0,18,112,2
1780485113.090847,0,0,1,1,0,0,0,0,1,0,0,108,0,1,0,1,1,1,0,0,0,0,0,0,0,0,0,0,0,0,0,0,0,0,0,220,10583,-1,26,"834
",0,0,0,0,0,0,0,18,112,2
1780485113.108848,0,0,1,1,0,0,0,0,1,0,0,108,0,1,0,1,1,1,0,0,0,0,0,0,0,0,0,0,0,0,0,0,0,0,0,220,10583,-1,26,"835
",0,0,0,0,0,0,0,18,112,2
1780485113.128849,0,0,1,1,0,0,0,0,1,0,0,108,0,1,0,1,1,1,0,0,0,0,0,0,0,0,0,0,0,0,0,0,0,0,0,220,10583,-1,26,"836
",0,0,0,0,0,0,0,18,112,1
1780485113.14985,0,0,1,1,0,0,0,0,1,0,0,108,0,1,0,1,1,1,0,0,0,0,0,0,0,0,0,0,0,0,0,0,0,0,0,220,10583,0,28,"837
",0,0,0,0,0,0,0,18,112,2
1780485113.170851,0,0,1,1,0,0,0,0,1,0,0,107,0,1,0,1,1,1,0,0,0,0,0,0,0,0,0,0,0,0,0,0,0,0,0,220,10583,-1,26,"838
",0,0,0,0,0,0,0,18,112,2
1780485113.187852,0,0,1,1,0,0,0,0,1,0,0,107,0,1,0,1,1,1,0,0,0,0,0,0,0,0,0,0,0,0,0,0,0,0,0,220,10583,-1,26,"839
",0,0,0,0,0,0,0,18,112,2
1780485113.206854,0,0,1,1,0,0,0,0,1,0,0,107,0,1,0,1,1,1,0,0,0,0,0,0,0,0,0,0,0,0,0,0,0,0,0,220,10583,-1,26,"840
",0,0,0,0,0,0,0,18,112,2
1780485113.226855,0,0,1,1,0,0,0,0,1,0,0,107,0,1,0,1,1,1,0,0,0,0,0,0,0,0,0,0,0,0,0,0,0,0,0,220,10583,-1,26,"841
",0,0,0,0,0,0,0,18,112,2
1780485113.246856,0,0,1,1,0,0,0,0,1,0,0,107,0,1,0,1,1,1,0,0,0,0,0,0,0,0,0,0,0,0,0,0,0,0,0,220,10583,-1,26,"842
",0,0,0,0,0,0,0,18,112,2
1780485113.271857,0,0,1,1,0,0,0,0,1,0,0,107,0,1,0,1,1,1,0,0,0,0,0,0,0,0,0,0,0,0,0,0,0,0,0,220,10583,-1,26,"843
",0,0,0,0,0,0,0,18,112,2
1780485113.287858,0,0,1,1,0,0,0,0,1,0,0,107,0,1,0,1,1,1,0,0,0,0,0,0,0,0,0,0,0,0,0,0,0,0,0,220,10583,-1,26,"844
",0,0,0,0,0,0,0,18,112,2
1780485113.305859,0,0,1,1,0,0,0,0,1,0,0,107,0,1,0,1,1,1,0,0,0,0,0,0,0,0,0,0,0,0,0,0,0,0,0,220,10583,-1,26,"845
",0,0,0,0,0,0,0,18,112,2
1780485113.32486,0,0,1,1,0,0,0,0,1,0,0,107,0,1,0,1,1,1,0,0,0,0,0,0,0,0,0,0,0,0,0,0,0,0,0,220,10583,-1,26,"846
",0,0,0,0,0,0,0,18,112,2
1780485113.344861,0,0,1,1,0,0,0,0,1,0,0,107,0,1,0,1,1,1,0,0,0,0,0,0,0,0,0,0,0,0,0,0,0,0,0,220,10583,-1,26,"847
",0,0,0,0,0,0,0,18,112,2
1780485113.370863,0,0,1,1,0,0,0,0,1,0,0,107,0,1,0,1,1,1,0,0,0,0,0,0,0,0,0,0,0,0,0,0,0,0,0,220,10583,-1,26,"848
",0,0,0,0,0,0,0,18,112,2
1780485113.384864,0,0,1,1,0,0,0,0,1,0,0,107,0,1,0,1,1,1,0,0,0,0,0,0,0,0,0,0,0,0,0,0,0,0,0,220,10583,-1,26,"849
",0,0,0,0,0,0,0,18,112,2
1780485113.403865,0,0,1,1,0,0,0,0,1,0,0,107,0,1,0,1,1,1,0,0,0,0,0,0,0,0,0,0,0,0,0,0,0,0,0,220,10583,-1,26,"850
",0,0,0,0,0,0,0,18,112,2
1780485113.423866,0,0,1,1,0,0,0,0,1,0,0,107,0,1,0,1,1,1,0,0,0,0,0,0,0,0,0,0,0,0,0,0,0,0,0,220,10583,1,28,"851
",0,0,0,0,0,0,0,18,112,2
1780485113.442867,0,0,1,1,0,0,0,0,1,0,0,107,0,1,0,1,1,1,0,0,0,0,0,0,0,0,0,0,0,0,0,0,0,0,0,220,10583,-1,26,"852
",0,0,0,0,0,0,0,18,112,2
1780485113.466868,0,0,1,1,0,0,0,0,1,0,0,107,0,1,0,1,1,1,0,0,0,0,0,0,0,0,0,0,0,0,0,0,0,0,0,220,10583,-1,26,"853
",0,0,0,0,0,0,0,18,112,2
1780485113.482869,0,0,1,1,0,0,0,0,1,0,0,101,0,1,0,1,1,1,0,0,0,0,0,0,0,0,0,0,0,0,0,0,0,0,0,220,10583,-1,26,"854
",0,0,0,0,0,0,0,18,112,2
1780485113.50187,0,0,1,1,0,0,0,0,1,0,0,107,0,1,0,1,1,1,0,0,0,0,0,0,0,0,0,0,0,0,0,0,0,0,0,220,10583,-1,26,"855
",0,0,0,0,0,0,0,18,112,2
1780485113.520871,0,0,1,1,0,0,0,0,1,0,0,107,0,1,0,1,1,1,0,0,0,0,0,0,0,0,0,0,0,0,0,0,0,0,0,220,10583,-1,26,"856
",0,0,0,0,0,0,0,18,112,2
1780485113.539873,0,0,1,1,0,0,0,0,1,0,0,107,0,1,0,1,1,1,0,0,0,0,0,0,0,0,0,0,0,0,0,0,0,0,0,220,10583,-1,26,"857
",0,0,0,0,0,0,0,18,112,2
1780485113.560874,0,0,1,1,0,0,0,0,1,0,0,107,0,1,0,1,1,1,0,0,0,0,0,0,0,0,0,0,0,0,0,0,0,0,0,220,10583,-1,26,"858
",0,0,0,0,0,0,0,18,112,2
1780485113.580875,0,0,1,1,0,0,0,0,1,0,0,107,0,1,0,1,1,1,0,0,0,0,0,0,0,0,0,0,0,0,0,0,0,0,0,220,10583,-1,26,"859
",0,0,0,0,0,0,0,18,112,2
1780485113.598876,0,0,1,1,0,0,0,0,1,0,0,101,0,1,0,1,1,1,0,0,0,0,0,0,0,0,0,0,0,0,0,0,0,0,0,220,10583,-1,26,"860
",0,0,0,0,0,0,0,18,112,1
1780485113.618877,0,0,1,1,0,0,0,0,1,0,0,107,0,1,0,1,1,1,0,0,0,0,0,0,0,0,0,0,0,0,0,0,0,0,0,220,10583,-1,26,"861
",0,0,0,0,0,0,0,18,112,2
1780485113.637878,0,0,1,1,0,0,0,0,1,0,0,93,0,1,0,1,1,1,0,0,0,0,0,0,0,0,0,0,0,0,0,0,0,0,0,220,10583,-1,27,"862
",0,0,0,0,0,0,0,18,112,2
1780485113.659879,0,0,1,1,0,0,0,0,1,0,0,107,0,1,0,1,1,1,0,0,0,0,0,0,0,0,0,0,0,0,0,0,0,0,0,220,10583,-1,26,"863
",0,0,0,0,0,0,0,18,112,2
1780485113.67788,0,0,1,1,0,0,0,0,1,0,0,107,0,1,0,1,1,1,0,0,0,0,0,0,0,0,0,0,0,0,0,0,0,0,0,220,10583,-1,26,"864
",0,0,0,0,0,0,0,18,112,1
1780485113.704882,0,0,1,1,0,0,0,0,1,0,0,100,0,1,0,1,1,1,0,0,0,0,0,0,0,0,0,0,0,0,0,0,0,0,0,220,10583,2,28,"865
",0,0,0,0,0,0,0,18,112,3
1780485113.716883,0,0,1,1,0,0,0,0,1,0,0,108,0,1,0,1,1,1,0,0,0,0,0,0,0,0,0,0,0,0,0,0,0,0,0,220,10583,-1,26,"866
",0,0,0,0,0,0,0,18,112,2
1780485113.736884,0,0,1,1,0,0,0,0,1,0,0,108,0,1,0,1,1,1,0,0,0,0,0,0,0,0,0,0,0,0,0,0,0,0,0,220,10583,-1,26,"867
",0,0,0,0,0,0,0,18,112,3
1780485113.756885,0,0,1,1,0,0,0,0,1,0,0,107,0,1,0,1,1,1,0,0,0,0,0,0,0,0,0,0,0,0,0,0,0,0,0,220,10583,-1,26,"868
",0,0,0,0,0,0,0,18,112,2
1780485113.777886,0,0,1,1,0,0,0,0,1,0,0,107,0,1,0,1,1,1,0,0,0,0,0,0,0,0,0,0,0,0,0,0,0,0,0,220,10583,-1,26,"869
",0,0,0,0,0,0,0,18,112,2
1780485113.799887,0,0,1,1,0,0,0,0,1,0,0,107,0,1,0,1,1,1,0,0,0,0,0,0,0,0,0,0,0,0,0,0,0,0,0,220,10583,-1,26,"870
",0,0,0,0,0,0,0,18,112,2
1780485113.817888,0,0,1,1,0,0,0,0,1,0,0,107,0,1,0,1,1,1,0,0,0,0,0,0,0,0,0,0,0,0,0,0,0,0,0,220,10583,-1,26,"871
",0,0,0,0,0,0,0,18,112,2
1780485113.834889,0,0,1,1,0,0,0,0,1,0,0,108,0,1,0,1,1,1,0,0,0,0,0,0,0,0,0,0,0,0,0,0,0,0,0,220,10583,-1,26,"872
",0,0,0,0,0,0,0,18,112,2
1780485113.854891,0,0,1,1,0,0,0,0,1,0,0,107,0,1,0,1,1,1,0,0,0,0,0,0,0,0,0,0,0,0,0,0,0,0,0,220,10583,-1,26,"873
",0,0,0,0,0,0,0,18,112,2
1780485113.874892,0,0,1,1,0,0,0,0,1,0,0,107,0,1,0,1,1,1,0,0,0,0,0,0,0,0,0,0,0,0,0,0,0,0,0,220,10583,-1,26,"874
",0,0,0,0,0,0,0,18,112,2
1780485113.893893,0,0,1,1,0,0,0,0,1,0,0,107,0,1,0,1,1,1,0,0,0,0,0,0,0,0,0,0,0,0,0,0,0,0,0,220,10583,-1,26,"875
",0,0,0,0,0,0,0,18,112,2
1780485113.912894,0,0,1,1,0,0,0,0,1,0,0,107,0,1,0,1,1,1,0,0,0,0,0,0,0,0,0,0,0,0,0,0,0,0,0,220,10583,-1,26,"876
",0,0,0,0,0,0,0,18,112,2
1780485113.932895,0,0,1,1,0,0,0,0,1,0,0,107,0,1,0,1,1,1,0,0,0,0,0,0,0,0,0,0,0,0,0,0,0,0,0,220,10583,-1,26,"877
",0,0,0,0,0,0,0,18,112,3
1780485113.952896,0,0,1,1,0,0,0,0,1,0,0,107,0,1,0,1,1,1,0,0,0,0,0,0,0,0,0,0,0,0,0,0,0,0,0,220,10583,-1,26,"878
",0,0,0,0,0,0,0,18,112,2
1780485113.974897,0,0,1,1,0,0,0,0,1,0,0,107,0,1,0,1,1,1,0,0,0,0,0,0,0,0,0,0,0,0,0,0,0,0,0,220,10583,-1,26,"879
",0,0,0,0,0,0,0,18,112,3
1780485113.991898,0,0,1,1,0,0,0,0,1,0,0,107,0,1,0,1,1,1,0,0,0,0,0,0,0,0,0,0,0,0,0,0,0,0,0,220,10583,3,28,"880
",0,0,0,0,0,0,0,18,112,2
1780485114.0119,0,0,1,1,0,0,0,0,1,0,0,108,0,1,0,1,1,1,0,0,0,0,0,0,0,0,0,0,0,0,0,0,0,0,0,220,10583,-1,26,"881
",0,0,0,0,0,0,0,18,112,2
1780485114.030901,0,0,1,1,0,0,0,0,1,0,0,108,0,1,0,1,1,1,0,0,0,0,0,0,0,0,0,0,0,0,0,0,0,0,0,220,10583,-1,26,"882
",0,0,0,0,0,0,0,18,112,2
1780485114.050902,0,0,1,1,0,0,0,0,1,0,0,108,0,1,0,1,1,1,0,0,0,0,0,0,0,0,0,0,0,0,0,0,0,0,0,220,10583,-1,26,"883
",0,0,0,0,0,0,0,18,112,2
1780485114.071903,0,0,1,1,0,0,0,0,1,0,0,109,0,1,0,1,1,1,0,0,0,0,0,0,0,0,0,0,0,0,0,0,0,0,0,220,10583,-1,26,"884
",0,0,0,0,0,0,0,18,112,2
1780485114.092904,0,0,1,1,0,0,0,0,1,0,0,102,0,1,0,1,1,1,0,0,0,0,0,0,0,0,0,0,0,0,0,0,0,0,0,220,10583,-1,26,"885
",0,0,0,0,0,0,0,18,112,2
1780485114.109905,0,0,1,1,0,0,0,0,1,0,0,108,0,1,0,1,1,1,0,0,0,0,0,0,0,0,0,0,0,0,0,0,0,0,0,220,10583,-1,26,"886
",0,0,0,0,0,0,0,18,112,2
1780485114.129906,0,0,1,1,0,0,0,0,1,0,0,108,0,1,0,1,1,1,0,0,0,0,0,0,0,0,0,0,0,0,0,0,0,0,0,220,10583,-1,26,"887
",0,0,0,0,0,0,0,18,112,2
1780485114.148907,0,0,1,1,0,0,0,0,1,0,0,108,0,1,0,1,1,1,0,0,0,0,0,0,0,0,0,0,0,0,0,0,0,0,0,220,10583,-1,26,"888
",0,0,0,0,0,0,0,18,112,2
1780485114.168909,0,0,1,1,0,0,0,0,1,0,0,108,0,1,0,1,1,1,0,0,0,0,0,0,0,0,0,0,0,0,0,0,0,0,0,220,10583,-1,26,"889
",0,0,0,0,0,0,0,18,112,2
1780485114.19591,0,0,1,1,0,0,0,0,1,0,0,108,0,1,0,1,1,1,0,0,0,0,0,0,0,0,0,0,0,0,0,0,0,0,0,220,10583,-1,26,"890
",0,0,0,0,0,0,0,18,112,2
1780485114.212911,0,0,1,1,0,0,0,0,1,0,0,108,0,1,0,1,1,1,0,0,0,0,0,0,0,0,0,0,0,0,0,0,0,0,0,220,10583,-1,26,"891
",0,0,0,0,0,0,0,18,112,2
1780485114.227912,0,0,1,1,0,0,0,0,1,0,0,108,0,1,0,1,1,1,0,0,0,0,0,0,0,0,0,0,0,0,0,0,0,0,0,220,10583,-1,26,"892
",0,0,0,0,0,0,0,18,112,2
1780485114.247913,0,0,1,1,0,0,0,0,1,0,0,108,0,1,0,1,1,1,0,0,0,0,0,0,0,0,0,0,0,0,0,0,0,0,0,220,10583,-1,26,"893
",0,0,0,0,0,0,0,18,112,3
1780485114.266914,0,0,1,1,0,0,0,0,1,0,0,108,0,1,0,1,1,1,0,0,0,0,0,0,0,0,0,0,0,0,0,0,0,0,0,220,10583,4,28,"894
",0,0,0,0,0,0,0,18,112,2
1780485114.289915,0,0,1,1,0,0,0,0,1,0,0,108,0,1,0,1,1,1,0,0,0,0,0,0,0,0,0,0,0,0,0,0,0,0,0,220,10583,-1,26,"895
",0,0,0,0,0,0,0,18,112,2
1780485114.306916,0,0,1,1,0,0,0,0,1,0,0,108,0,1,0,1,1,1,0,0,0,0,0,0,0,0,0,0,0,0,0,0,0,0,0,220,10583,-1,26,"896
",0,0,0,0,0,0,0,18,112,2
1780485114.325918,0,0,1,1,0,0,0,0,1,0,0,108,0,1,0,1,1,1,0,0,0,0,0,0,0,0,0,0,0,0,0,0,0,0,0,220,10583,-1,26,"897
",0,0,0,0,0,0,0,18,112,3
1780485114.345919,0,0,1,1,0,0,0,0,1,0,0,108,0,1,0,1,1,1,0,0,0,0,0,0,0,0,0,0,0,0,0,0,0,0,0,220,10583,-1,26,"898
",0,0,0,0,0,0,0,18,112,2
1780485114.36692,0,0,1,1,0,0,0,0,1,0,0,108,0,1,0,1,1,1,0,0,0,0,0,0,0,0,0,0,0,0,0,0,0,0,0,220,10583,-1,26,"899
",0,0,0,0,0,0,0,18,112,2
1780485114.403922,0,0,1,1,0,0,0,0,1,0,0,108,0,1,0,1,1,1,0,0,0,0,0,0,0,0,0,0,0,0,0,0,0,0,0,220,10583,-1,26,"900
",0,0,0,0,0,0,0,18,112,2
1780485114.406922,0,0,1,1,0,0,0,0,1,0,0,108,0,1,0,1,1,1,0,0,0,0,0,0,0,0,0,0,0,0,0,0,0,0,0,220,10583,-1,26,"901
",0,0,0,0,0,0,0,18,112,3
1780485114.423923,0,0,1,1,0,0,0,0,1,0,0,109,0,1,0,1,1,1,0,0,0,0,0,0,0,0,0,0,0,0,0,0,0,0,0,220,10583,-1,26,"902
",0,0,0,0,0,0,0,18,112,2
1780485114.443924,0,0,1,1,0,0,0,0,1,0,0,108,0,1,0,1,1,1,0,0,0,0,0,0,0,0,0,0,0,0,0,0,0,0,0,220,10583,-1,26,"903
",0,0,0,0,0,0,0,18,112,3
1780485114.463925,0,0,1,1,0,0,0,0,1,0,0,108,0,1,0,1,1,1,0,0,0,0,0,0,0,0,0,0,0,0,0,0,0,0,0,220,10583,-1,26,"904
",0,0,0,0,0,0,0,18,112,2
1780485114.488927,0,0,1,1,0,0,0,0,1,0,0,108,0,1,0,1,1,1,0,0,0,0,0,0,0,0,0,0,0,0,0,0,0,0,0,220,10583,-1,26,"905
",0,0,0,0,0,0,0,18,112,3
1780485114.502928,0,0,1,1,0,0,0,0,1,0,0,109,0,1,0,1,1,1,0,0,0,0,0,0,0,0,0,0,0,0,0,0,0,0,0,220,10583,-1,26,"906
",0,0,0,0,0,0,0,18,112,2
1780485114.526929,0,0,1,1,0,0,0,0,1,0,0,109,0,1,0,1,1,1,0,0,0,0,0,0,0,0,0,0,0,0,0,0,0,0,0,220,10583,-1,26,"907
",0,0,0,0,0,0,0,18,112,2
1780485114.54293,0,0,1,1,0,0,0,0,1,0,0,108,0,1,0,1,1,1,0,0,0,0,0,0,0,0,0,0,0,0,0,0,0,0,0,220,10583,5,28,"908
",0,0,0,0,0,0,0,18,112,2
1780485114.561931,0,0,1,1,0,0,0,0,1,0,0,108,0,1,0,1,1,1,0,0,0,0,0,0,0,0,0,0,0,0,0,0,0,0,0,220,10583,-1,26,"909
",0,0,0,0,0,0,0,18,112,2
1780485114.581932,0,0,1,1,0,0,0,0,1,0,0,109,0,1,0,1,1,1,0,0,0,0,0,0,0,0,0,0,0,0,0,0,0,0,0,220,10583,-1,26,"910
",0,0,0,0,0,0,0,18,112,2
1780485114.606934,0,0,1,1,0,0,0,0,1,0,0,108,0,1,0,1,1,1,0,0,0,0,0,0,0,0,0,0,0,0,0,0,0,0,0,220,10583,-1,26,"911
",0,0,0,0,0,0,0,18,112,2
1780485114.626935,0,0,1,1,0,0,0,0,1,0,0,108,0,1,0,1,1,1,0,0,0,0,0,0,0,0,0,0,0,0,0,0,0,0,0,220,10583,-1,26,"912
",0,0,0,0,0,0,0,18,112,2
1780485114.640936,0,0,1,1,0,0,0,0,1,0,0,108,0,1,0,1,1,1,0,0,0,0,0,0,0,0,0,0,0,0,0,0,0,0,0,220,10583,-1,26,"913
",0,0,0,0,0,0,0,18,112,2
1780485114.659937,0,0,1,1,0,0,0,0,1,0,0,108,0,1,0,1,1,1,0,0,0,0,0,0,0,0,0,0,0,0,0,0,0,0,0,220,10583,-1,26,"914
",0,0,0,0,0,0,0,18,112,2
1780485114.679938,0,0,1,1,0,0,0,0,1,0,0,108,0,1,0,1,1,1,0,0,0,0,0,0,0,0,0,0,0,0,0,0,0,0,0,220,10583,-1,26,"915
",0,0,0,0,0,0,0,18,112,2
1780485114.707939,0,0,1,1,0,0,0,0,1,0,0,108,0,1,0,1,1,1,0,0,0,0,0,0,0,0,0,0,0,0,0,0,0,0,0,220,10583,-1,26,"916
",0,0,0,0,0,0,0,18,112,2
1780485114.71894,0,0,1,1,0,0,0,0,1,0,0,109,0,1,0,1,1,1,0,0,0,0,0,0,0,0,0,0,0,0,0,0,0,0,0,220,10583,-1,26,"917
",0,0,0,0,0,0,0,18,112,2
1780485114.738941,0,0,1,1,0,0,0,0,1,0,0,108,0,1,0,1,1,1,0,0,0,0,0,0,0,0,0,0,0,0,0,0,0,0,0,220,10583,-1,26,"918
",0,0,0,0,0,0,0,18,112,2
1780485114.758942,0,0,1,1,0,0,0,0,1,0,0,108,0,1,0,1,1,1,0,0,0,0,0,0,0,0,0,0,0,0,0,0,0,0,0,220,10583,-1,26,"919
",0,0,0,0,0,0,0,18,112,3
1780485114.777943,0,0,1,1,0,0,0,0,1,0,0,108,0,1,0,1,1,1,0,0,0,0,0,0,0,0,0,0,0,0,0,0,0,0,0,220,10583,-1,26,"920
",0,0,0,0,0,0,0,18,112,2
1780485114.798945,0,0,1,1,0,0,0,0,1,0,0,108,0,1,0,1,1,1,0,0,0,0,0,0,0,0,0,0,0,0,0,0,0,0,0,220,10583,-1,26,"921
",0,0,0,0,0,0,0,18,112,2
1780485114.816946,0,0,1,1,0,0,0,0,1,0,0,108,0,1,0,1,1,1,0,0,0,0,0,0,0,0,0,0,0,0,0,0,0,0,0,220,10583,-1,26,"922
",0,0,0,0,0,0,0,18,112,2
1780485114.836947,0,0,1,1,0,0,0,0,1,0,0,108,0,1,0,1,1,1,0,0,0,0,0,0,0,0,0,0,0,0,0,0,0,0,0,220,10583,0,28,"923
",0,0,0,0,0,0,0,18,112,2
1780485114.856948,0,0,1,1,0,0,0,0,1,0,0,107,0,1,0,1,1,1,0,0,0,0,0,0,0,0,0,0,0,0,0,0,0,0,0,220,10583,-1,26,"924
",0,0,0,0,0,0,0,18,113,2
1780485114.876949,0,0,1,1,0,0,0,0,1,0,0,107,0,1,0,1,1,1,0,0,0,0,0,0,0,0,0,0,0,0,0,0,0,0,0,220,10583,-1,26,"925
",0,0,0,0,0,0,0,18,112,2
1780485114.89795,0,0,1,1,0,0,0,0,1,0,0,107,0,1,0,1,1,1,0,0,0,0,0,0,0,0,0,0,0,0,0,0,0,0,0,220,10583,-1,26,"926
",0,0,0,0,0,0,0,18,112,2
1780485114.915951,0,0,1,1,0,0,0,0,1,0,0,107,0,1,0,1,1,1,0,0,0,0,0,0,0,0,0,0,0,0,0,0,0,0,0,220,10583,-1,26,"927
",0,0,0,0,0,0,0,18,112,2
1780485114.934952,0,0,1,1,0,0,0,0,1,0,0,107,0,1,0,1,1,1,0,0,0,0,0,0,0,0,0,0,0,0,0,0,0,0,0,220,10583,-1,26,"928
",0,0,0,0,0,0,0,18,112,2
1780485114.954953,0,0,1,1,0,0,0,0,1,0,0,101,0,1,0,1,1,1,0,0,0,0,0,0,0,0,0,0,0,0,0,0,0,0,0,220,10583,-1,26,"929
",0,0,0,0,0,0,0,18,112,2
1780485114.973955,0,0,1,1,0,0,0,0,1,0,0,107,0,1,0,1,1,1,0,0,0,0,0,0,0,0,0,0,0,0,0,0,0,0,0,220,10583,-1,26,"930
",0,0,0,0,0,0,0,18,112,1
1780485114.993956,0,0,1,1,0,0,0,0,1,0,0,123,0,1,0,1,1,1,0,0,0,0,0,0,0,0,0,0,0,0,0,0,0,0,0,220,10583,-1,26,"931
",0,0,0,0,0,0,0,18,112,2
1780485115.013957,0,0,1,1,0,0,0,0,1,0,0,108,0,1,0,1,1,1,0,0,0,0,0,0,0,0,0,0,0,0,0,0,0,0,0,220,10583,-1,26,"932
",0,0,0,0,0,0,0,18,112,2
1780485115.053959,0,0,1,1,0,0,0,0,1,0,0,107,0,1,0,1,1,1,0,0,0,0,0,0,0,0,0,0,0,0,0,0,0,0,0,220,10583,-1,26,"933
",0,0,0,0,0,0,0,18,112,2
1780485115.055959,0,0,1,1,0,0,0,0,1,0,0,107,0,1,0,1,1,1,0,0,0,0,0,0,0,0,0,0,0,0,0,0,0,0,0,220,10583,-1,26,"934
",0,0,0,0,0,0,0,18,112,2
1780485115.07296,0,0,1,1,0,0,0,0,1,0,0,107,0,1,0,1,1,1,0,0,0,0,0,0,0,0,0,0,0,0,0,0,0,0,0,220,10583,-1,26,"935
",0,0,0,0,0,0,0,18,112,3
1780485115.093961,0,0,1,1,0,0,0,0,1,0,0,107,0,1,0,1,1,1,0,0,0,0,0,0,0,0,0,0,0,0,0,0,0,0,0,220,10583,-1,26,"936
",0,0,0,0,0,0,0,18,112,3
1780485115.113963,0,0,1,1,0,0,0,0,1,0,0,107,0,1,0,1,1,1,0,0,0,0,0,0,0,0,0,0,0,0,0,0,0,0,0,220,10583,-1,26,"937
",0,0,0,0,0,0,0,18,112,2
1780485115.131964,0,0,1,1,0,0,0,0,1,0,0,107,0,1,0,1,1,1,0,0,0,0,0,0,0,0,0,0,0,0,0,0,0,0,0,220,10583,1,28,"938
",0,0,0,0,0,0,0,18,112,2
1780485115.150965,0,0,1,1,0,0,0,0,1,0,0,107,0,1,0,1,1,1,0,0,0,0,0,0,0,0,0,0,0,0,0,0,0,0,0,220,10583,-1,26,"939
",0,0,0,0,0,0,0,18,112,2
1780485115.170966,0,0,1,1,0,0,0,0,1,0,0,107,0,1,0,1,1,1,0,0,0,0,0,0,0,0,0,0,0,0,0,0,0,0,0,220,10583,-1,26,"940
",0,0,0,0,0,0,0,18,112,2
1780485115.190967,0,0,1,1,0,0,0,0,1,0,0,107,0,1,0,1,1,1,0,0,0,0,0,0,0,0,0,0,0,0,0,0,0,0,0,220,10583,-1,26,"941
",0,0,0,0,0,0,0,18,112,2
1780485115.211968,0,0,1,1,0,0,0,0,1,0,0,107,0,1,0,1,1,1,0,0,0,0,0,0,0,0,0,0,0,0,0,0,0,0,0,220,10583,-1,26,"942
",0,0,0,0,0,0,0,18,112,2
1780485115.229969,0,0,1,1,0,0,0,0,1,0,0,108,0,1,0,1,1,1,0,0,0,0,0,0,0,0,0,0,0,0,0,0,0,0,0,220,10583,-1,26,"943
",0,0,0,0,0,0,0,18,112,2
1780485115.252971,0,0,1,1,0,0,0,0,1,0,0,108,0,1,0,1,1,1,0,0,0,0,0,0,0,0,0,0,0,0,0,0,0,0,0,220,10583,-1,26,"944
",0,0,0,0,0,0,0,18,112,3
1780485115.268971,0,0,1,1,0,0,0,0,1,0,0,107,0,1,0,1,1,1,0,0,0,0,0,0,0,0,0,0,0,0,0,0,0,0,0,220,10583,-1,26,"945
",0,0,0,0,0,0,0,18,112,3
1780485115.288973,0,0,1,1,0,0,0,0,1,0,0,108,0,1,0,1,1,1,0,0,0,0,0,0,0,0,0,0,0,0,0,0,0,0,0,220,10583,-1,26,"946
",0,0,0,0,0,0,0,18,112,2
1780485115.309974,0,0,1,1,0,0,0,0,1,0,0,107,0,1,0,1,1,1,0,0,0,0,0,0,0,0,0,0,0,0,0,0,0,0,0,220,10583,-1,26,"947
",0,0,0,0,0,0,0,18,112,3
1780485115.327975,0,0,1,1,0,0,0,0,1,0,0,108,0,1,0,1,1,1,0,0,0,0,0,0,0,0,0,0,0,0,0,0,0,0,0,220,10583,-1,26,"948
",0,0,0,0,0,0,0,18,112,2
1780485115.347976,0,0,1,1,0,0,0,0,1,0,0,108,0,1,0,1,1,1,0,0,0,0,0,0,0,0,0,0,0,0,0,0,0,0,0,220,10583,-1,26,"949
",0,0,0,0,0,0,0,18,112,2
1780485115.367977,0,0,1,1,0,0,0,0,1,0,0,108,0,1,0,1,1,1,0,0,0,0,0,0,0,0,0,0,0,0,0,0,0,0,0,220,10583,-1,26,"950
",0,0,0,0,0,0,0,18,112,2
1780485115.387978,0,0,1,1,0,0,0,0,1,0,0,107,0,1,0,1,1,1,0,0,0,0,0,0,0,0,0,0,0,0,0,0,0,0,0,220,10583,-1,26,"951
",0,0,0,0,0,0,0,18,112,3
1780485115.40998,0,0,1,1,0,0,0,0,1,0,0,101,0,1,0,1,1,1,0,0,0,0,0,0,0,0,0,0,0,0,0,0,0,0,0,220,10583,-1,26,"952
",0,0,0,0,0,0,0,18,112,2
1780485115.42698,0,0,1,1,0,0,0,0,1,0,0,107,0,1,0,1,1,1,0,0,0,0,0,0,0,0,0,0,0,0,0,0,0,0,0,220,10583,2,28,"953
",0,0,0,0,0,0,0,18,112,3
1780485115.445982,0,0,1,1,0,0,0,0,1,0,0,107,0,1,0,1,1,1,0,0,0,0,0,0,0,0,0,0,0,0,0,0,0,0,0,220,10583,-1,26,"954
",0,0,0,0,0,0,0,18,112,2
1780485115.465983,0,0,1,1,0,0,0,0,1,0,0,107,0,1,0,1,1,1,0,0,0,0,0,0,0,0,0,0,0,0,0,0,0,0,0,220,10583,-1,26,"955
",0,0,0,0,0,0,0,18,112,2
1780485115.485984,0,0,1,1,0,0,0,0,1,0,0,107,0,1,0,1,1,1,0,0,0,0,0,0,0,0,0,0,0,0,0,0,0,0,0,220,10583,-1,26,"956
",0,0,0,0,0,0,0,18,112,3
1780485115.505985,0,0,1,1,0,0,0,0,1,0,0,108,0,1,0,1,1,1,0,0,0,0,0,0,0,0,0,0,0,0,0,0,0,0,0,220,10583,-1,26,"957
",0,0,0,0,0,0,0,18,112,3
1780485115.526986,0,0,1,1,0,0,0,0,1,0,0,107,0,1,0,1,1,1,0,0,0,0,0,0,0,0,0,0,0,0,0,0,0,0,0,220,10583,-1,26,"958
",0,0,0,0,0,0,0,18,112,2
1780485115.552988,0,0,1,1,0,0,0,0,1,0,0,106,0,1,0,1,1,1,0,0,0,0,0,0,0,0,0,0,0,0,0,0,0,0,0,220,10583,-1,26,"959
",0,0,0,0,0,0,0,18,112,2
1780485115.563988,0,0,1,1,0,0,0,0,1,0,0,107,0,1,0,1,1,1,0,0,0,0,0,0,0,0,0,0,0,0,0,0,0,0,0,220,10583,-1,26,"960
",0,0,0,0,0,0,0,18,112,2
1780485115.583989,0,0,1,1,0,0,0,0,1,0,0,107,0,1,0,1,1,1,0,0,0,0,0,0,0,0,0,0,0,0,0,0,0,0,0,220,10583,-1,26,"961
",0,0,0,0,0,0,0,18,112,2
1780485115.605991,0,0,1,1,0,0,0,0,1,0,0,107,0,1,0,1,1,1,0,0,0,0,0,0,0,0,0,0,0,0,0,0,0,0,0,220,10583,-1,26,"962
",0,0,0,0,0,0,0,18,112,2
1780485115.623992,0,0,1,1,0,0,0,0,1,0,0,108,0,1,0,1,1,1,0,0,0,0,0,0,0,0,0,0,0,0,0,0,0,0,0,220,10583,-1,26,"963
",0,0,0,0,0,0,0,18,112,2
1780485115.642993,0,0,1,1,0,0,0,0,1,0,0,101,0,1,0,1,1,1,0,0,0,0,0,0,0,0,0,0,0,0,0,0,0,0,0,220,10583,-1,26,"964
",0,0,0,0,0,0,0,18,112,2
1780485115.662994,0,0,1,1,0,0,0,0,1,0,0,107,0,1,0,1,1,1,0,0,0,0,0,0,0,0,0,0,0,0,0,0,0,0,0,220,10583,-1,26,"965
",0,0,0,0,0,0,0,18,112,2
1780485115.681995,0,0,1,1,0,0,0,0,1,0,0,107,0,1,0,1,1,1,0,0,0,0,0,0,0,0,0,0,0,0,0,0,0,0,0,220,10583,-1,26,"966
",0,0,0,0,0,0,0,18,112,1
1780485115.701996,0,0,1,1,0,0,0,0,1,0,0,108,0,1,0,1,1,1,0,0,0,0,0,0,0,0,0,0,0,0,0,0,0,0,0,220,10583,3,28,"967
",0,0,0,0,0,0,0,18,112,3
1780485115.721997,0,0,1,1,0,0,0,0,1,0,0,109,0,1,0,1,1,1,0,0,0,0,0,0,0,0,0,0,0,0,0,0,0,0,0,220,10583,-1,26,"968
",0,0,0,0,0,0,0,18,112,2
1780485115.741999,0,0,1,1,0,0,0,0,1,0,0,108,0,1,0,1,1,1,0,0,0,0,0,0,0,0,0,0,0,0,0,0,0,0,0,220,10583,-1,26,"969
",0,0,0,0,0,0,0,18,112,3
1780485115.761,0,0,1,1,0,0,0,0,1,0,0,108,0,1,0,1,1,1,0,0,0,0,0,0,0,0,0,0,0,0,0,0,0,0,0,220,10583,-1,26,"970
",0,0,0,0,0,0,0,18,112,2
1780485115.781001,0,0,1,1,0,0,0,0,1,0,0,109,0,1,0,1,1,1,0,0,0,0,0,0,0,0,0,0,0,0,0,0,0,0,0,220,10583,-1,26,"971
",0,0,0,0,0,0,0,18,112,2
1780485115.801002,0,0,1,1,0,0,0,0,1,0,0,107,0,1,0,1,1,1,0,0,0,0,0,0,0,0,0,0,0,0,0,0,0,0,0,220,10583,-1,26,"972
",0,0,0,0,0,0,0,18,112,3
1780485115.822003,0,0,1,1,0,0,0,0,1,0,0,108,0,1,0,1,1,1,0,0,0,0,0,0,0,0,0,0,0,0,0,0,0,0,0,220,10583,-1,26,"973
",0,0,0,0,0,0,0,18,112,3
1780485115.841004,0,0,1,1,0,0,0,0,1,0,0,108,0,1,0,1,1,1,0,0,0,0,0,0,0,0,0,0,0,0,0,0,0,0,0,220,10583,-1,26,"974
",0,0,0,0,0,0,0,18,112,2
1780485115.861005,0,0,1,1,0,0,0,0,1,0,0,108,0,1,0,1,1,1,0,0,0,0,0,0,0,0,0,0,0,0,0,0,0,0,0,220,10583,-1,26,"975
",0,0,0,0,0,0,0,18,112,2
1780485115.880006,0,0,1,1,0,0,0,0,1,0,0,108,0,1,0,1,1,1,0,0,0,0,0,0,0,0,0,0,0,0,0,0,0,0,0,220,10583,-1,26,"976
",0,0,0,0,0,0,0,18,112,2
1780485115.900008,0,0,1,1,0,0,0,0,1,0,0,108,0,1,0,1,1,1,0,0,0,0,0,0,0,0,0,0,0,0,0,0,0,0,0,220,10583,-1,26,"977
",0,0,0,0,0,0,0,18,112,2
1780485115.926009,0,0,1,1,0,0,0,0,1,0,0,102,0,1,0,1,1,1,0,0,0,0,0,0,0,0,0,0,0,0,0,0,0,0,0,220,10583,-1,26,"978
",0,0,0,0,0,0,0,18,112,2
1780485115.93901,0,0,1,1,0,0,0,0,1,0,0,108,0,1,0,1,1,1,0,0,0,0,0,0,0,0,0,0,0,0,0,0,0,0,0,220,10583,-1,26,"979
",0,0,0,0,0,0,0,18,112,2
1780485115.959011,0,0,1,1,0,0,0,0,1,0,0,108,0,1,0,1,1,1,0,0,0,0,0,0,0,0,0,0,0,0,0,0,0,0,0,220,10583,-1,26,"980
",0,0,0,0,0,0,0,18,112,2
1780485115.979012,0,0,1,1,0,0,0,0,1,0,0,109,0,1,0,1,1,1,0,0,0,0,0,0,0,0,0,0,0,0,0,0,0,0,0,220,10583,4,28,"981
",0,0,0,0,0,0,0,18,112,3
1780485115.998013,0,0,1,1,0,0,0,0,1,0,0,108,0,1,0,1,1,1,0,0,0,0,0,0,0,0,0,0,0,0,0,0,0,0,0,220,10583,-1,26,"982
",0,0,0,0,0,0,0,18,112,1
1780485116.020014,0,0,1,1,0,0,0,0,1,0,0,108,0,1,0,1,1,1,0,0,0,0,0,0,0,0,0,0,0,0,0,0,0,0,0,220,10583,-1,26,"983
",0,0,0,0,0,0,0,18,112,2
1780485116.039015,0,0,1,1,0,0,0,0,1,0,0,108,0,1,0,1,1,1,0,0,0,0,0,0,0,0,0,0,0,0,0,0,0,0,0,220,10583,-1,26,"984
",0,0,0,0,0,0,0,18,112,2
1780485116.061017,0,0,1,1,0,0,0,0,1,0,0,102,0,1,0,1,1,1,0,0,0,0,0,0,0,0,0,0,0,0,0,0,0,0,0,220,10583,-1,26,"985
",0,0,0,0,0,0,0,18,112,2
1780485116.077018,0,0,1,1,0,0,0,0,1,0,0,108,0,1,0,1,1,1,0,0,0,0,0,0,0,0,0,0,0,0,0,0,0,0,0,220,10583,-1,26,"986
",0,0,0,0,0,0,0,18,112,2
1780485116.097019,0,0,1,1,0,0,0,0,1,0,0,108,0,1,0,1,1,1,0,0,0,0,0,0,0,0,0,0,0,0,0,0,0,0,0,220,10583,-1,26,"987
",0,0,0,0,0,0,0,18,112,2
1780485116.11802,0,0,1,1,0,0,0,0,1,0,0,108,0,1,0,1,1,1,0,0,0,0,0,0,0,0,0,0,0,0,0,0,0,0,0,220,10583,-1,26,"988
",0,0,0,0,0,0,0,18,112,3
1780485116.142021,0,0,1,1,0,0,0,0,1,0,0,108,0,1,0,1,1,1,0,0,0,0,0,0,0,0,0,0,0,0,0,0,0,0,0,220,10583,-1,26,"989
",0,0,0,0,0,0,0,18,112,2
1780485116.164023,0,0,1,1,0,0,0,0,1,0,0,101,0,1,0,1,1,1,0,0,0,0,0,0,0,0,0,0,0,0,0,0,0,0,0,220,10583,-1,26,"990
",0,0,0,0,0,0,0,18,112,3
1780485116.175023,0,0,1,1,0,0,0,0,1,0,0,108,0,1,0,1,1,1,0,0,0,0,0,0,0,0,0,0,0,0,0,0,0,0,0,220,10583,-1,26,"991
",0,0,0,0,0,0,0,18,112,2
1780485116.195024,0,0,1,1,0,0,0,0,1,0,0,109,0,1,0,1,1,1,0,0,0,0,0,0,0,0,0,0,0,0,0,0,0,0,0,220,10583,-1,26,"992
",0,0,0,0,0,0,0,18,112,2
1780485116.215026,0,0,1,1,0,0,0,0,1,0,0,108,0,1,0,1,1,1,0,0,0,0,0,0,0,0,0,0,0,0,0,0,0,0,0,220,10583,-1,26,"993
",0,0,0,0,0,0,0,18,112,2
1780485116.234027,0,0,1,1,0,0,0,0,1,0,0,108,0,1,0,1,1,1,0,0,0,0,0,0,0,0,0,0,0,0,0,0,0,0,0,220,10583,-1,26,"994
",0,0,0,0,0,0,0,18,112,1
1780485116.274029,0,0,1,1,0,0,0,0,1,0,0,107,0,1,0,1,1,1,0,0,0,0,0,0,0,0,0,0,0,0,0,0,0,0,0,220,10583,5,28,"995
",0,0,0,0,0,0,0,18,112,2
1780485116.277029,0,0,1,1,0,0,0,0,1,0,0,102,0,1,0,1,1,1,0,0,0,0,0,0,0,0,0,0,0,0,0,0,0,0,0,220,10583,-1,26,"996
",0,0,0,0,0,0,0,18,112,2
1780485116.29303,0,0,1,1,0,0,0,0,1,0,0,109,0,1,0,1,1,1,0,0,0,0,0,0,0,0,0,0,0,0,0,0,0,0,0,220,10583,-1,26,"997
",0,0,0,0,0,0,0,18,112,2
1780485116.313031,0,0,1,1,0,0,0,0,1,0,0,108,0,1,0,1,1,1,0,0,0,0,0,0,0,0,0,0,0,0,0,0,0,0,0,220,10583,-1,26,"998
",0,0,0,0,0,0,0,18,112,2
1780485116.333032,0,0,1,1,0,0,0,0,1,0,0,108,0,1,0,1,1,1,0,0,0,0,0,0,0,0,0,0,0,0,0,0,0,0,0,220,10583,-1,26,"999
",0,0,0,0,0,0,0,18,112,2
1780485116.352033,0,0,1,1,0,0,0,0,1,0,0,108,0,1,0,1,1,1,0,0,0,0,0,0,0,0,0,0,0,0,0,0,0,0,0,220,10583,-1,26,"1000
",0,0,0,0,0,0,0,18,112,1
1780485116.372035,0,0,1,1,0,0,0,0,1,0,0,108,0,1,0,1,1,1,0,0,0,0,0,0,0,0,0,0,0,0,0,0,0,0,0,220,10583,-1,26,"1001
",0,0,0,0,0,0,0,18,112,2
1780485116.392036,0,0,1,1,0,0,0,0,1,0,0,108,0,1,0,1,1,1,0,0,0,0,0,0,0,0,0,0,0,0,0,0,0,0,0,220,10583,-1,26,"1002
",0,0,0,0,0,0,0,18,112,2
1780485116.412037,0,0,1,1,0,0,0,0,1,0,0,108,0,1,0,1,1,1,0,0,0,0,0,0,0,0,0,0,0,0,0,0,0,0,0,220,10583,-1,26,"1003
",0,0,0,0,0,0,0,18,112,2
1780485116.431038,0,0,1,1,0,0,0,0,1,0,0,108,0,1,0,1,1,1,0,0,0,0,0,0,0,0,0,0,0,0,0,0,0,0,0,220,10583,-1,26,"1004
",0,0,0,0,0,0,0,18,112,2
1780485116.451039,0,0,1,1,0,0,0,0,1,0,0,108,0,1,0,1,1,1,0,0,0,0,0,0,0,0,0,0,0,0,0,0,0,0,0,220,10583,-1,26,"1005
",0,0,0,0,0,0,0,18,112,2
1780485116.47004,0,0,1,1,0,0,0,0,1,0,0,108,0,1,0,1,1,1,0,0,0,0,0,0,0,0,0,0,0,0,0,0,0,0,0,220,10583,-1,26,"1006
",0,0,0,0,0,0,0,18,112,2
1780485116.490041,0,0,1,1,0,0,0,0,1,0,0,108,0,1,0,1,1,1,0,0,0,0,0,0,0,0,0,0,0,0,0,0,0,0,0,220,10583,-1,26,"1007
",0,0,0,0,0,0,0,18,112,2
1780485116.510042,0,0,1,1,0,0,0,0,1,0,0,108,0,1,0,1,1,1,0,0,0,0,0,0,0,0,0,0,0,0,0,0,0,0,0,220,10583,-1,26,"1008
",0,0,0,0,0,0,0,18,112,2
1780485116.530044,0,0,1,1,0,0,0,0,1,0,0,108,0,1,0,1,1,1,0,0,0,0,0,0,0,0,0,0,0,0,0,0,0,0,0,220,10583,0,28,"1009
",0,0,0,0,0,0,0,18,112,2
1780485116.550045,0,0,1,1,0,0,0,0,1,0,0,107,0,1,0,1,1,1,0,0,0,0,0,0,0,0,0,0,0,0,0,0,0,0,0,220,10583,-1,26,"1010
",0,0,0,0,0,0,0,18,112,2
1780485116.570046,0,0,1,1,0,0,0,0,1,0,0,108,0,1,0,1,1,1,0,0,0,0,0,0,0,0,0,0,0,0,0,0,0,0,0,220,10583,-1,26,"1011
",0,0,0,0,0,0,0,18,112,4
1780485116.589047,0,0,1,1,0,0,0,0,1,0,0,107,0,1,0,1,1,1,0,0,0,0,0,0,0,0,0,0,0,0,0,0,0,0,0,220,10583,-1,26,"1012
",0,0,0,0,0,0,0,18,113,2
1780485116.608048,0,0,1,1,0,0,0,0,1,0,0,107,0,1,0,1,1,1,0,0,0,0,0,0,0,0,0,0,0,0,0,0,0,0,0,220,10583,-1,26,"1013
",0,0,0,0,0,0,0,18,112,3
1780485116.629049,0,0,1,1,0,0,0,0,1,0,0,107,0,1,0,1,1,1,0,0,0,0,0,0,0,0,0,0,0,0,0,0,0,0,0,220,10583,-1,26,"1014
",0,0,0,0,0,0,0,18,112,2
1780485116.64805,0,0,1,1,0,0,0,0,1,0,0,107,0,1,0,1,1,1,0,0,0,0,0,0,0,0,0,0,0,0,0,0,0,0,0,220,10583,-1,26,"1015
",0,0,0,0,0,0,0,18,112,4
1780485116.673052,0,0,1,1,0,0,0,0,1,0,0,107,0,1,0,1,1,1,0,0,0,0,0,0,0,0,0,0,0,0,0,0,0,0,0,220,10583,-1,26,"1016
",0,0,0,0,0,0,0,18,112,3
1780485116.687053,0,0,1,1,0,0,0,0,1,0,0,107,0,1,0,1,1,1,0,0,0,0,0,0,0,0,0,0,0,0,0,0,0,0,0,220,10583,-1,26,"1017
",0,0,0,0,0,0,0,18,112,3
1780485116.707054,0,0,1,1,0,0,0,0,1,0,0,106,0,1,0,1,1,1,0,0,0,0,0,0,0,0,0,0,0,0,0,0,0,0,0,220,10583,-1,26,"1018
",0,0,0,0,0,0,0,18,113,2
1780485116.727055,0,0,1,1,0,0,0,0,1,0,0,107,0,1,0,1,1,1,0,0,0,0,0,0,0,0,0,0,0,0,0,0,0,0,0,220,10583,-1,26,"1019
",0,0,0,0,0,0,0,18,112,3
1780485116.746056,0,0,1,1,0,0,0,0,1,0,0,107,0,1,0,1,1,1,0,0,0,0,0,0,0,0,0,0,0,0,0,0,0,0,0,220,10583,-1,26,"1020
",0,0,0,0,0,0,0,18,112,2
1780485116.766057,0,0,1,1,0,0,0,0,1,0,0,106,0,1,0,1,1,1,0,0,0,0,0,0,0,0,0,0,0,0,0,0,0,0,0,220,10583,-1,26,"1021
",0,0,0,0,0,0,0,18,112,2
1780485116.785058,0,0,1,1,0,0,0,0,1,0,0,107,0,1,0,1,1,1,0,0,0,0,0,0,0,0,0,0,0,0,0,0,0,0,0,220,10583,-1,26,"1022
",0,0,0,0,0,0,0,18,112,3
1780485116.805059,0,0,1,1,0,0,0,0,1,0,0,107,0,1,0,1,1,1,0,0,0,0,0,0,0,0,0,0,0,0,0,0,0,0,0,220,10583,1,28,"1023
",0,0,0,0,0,0,0,18,112,3
1780485116.82506,0,0,1,1,0,0,0,0,1,0,0,107,0,1,0,1,1,1,0,0,0,0,0,0,0,0,0,0,0,0,0,0,0,0,0,220,10583,-1,26,"1024
",0,0,0,0,0,0,0,18,112,2
1780485116.846062,0,0,1,1,0,0,0,0,1,0,0,107,0,1,0,1,1,1,0,0,0,0,0,0,0,0,0,0,0,0,0,0,0,0,0,220,10583,-1,26,"1025
",0,0,0,0,0,0,0,18,112,2
1780485116.864063,0,0,1,1,0,0,0,0,1,0,0,107,0,1,0,1,1,1,0,0,0,0,0,0,0,0,0,0,0,0,0,0,0,0,0,220,10583,-1,26,"1026
",0,0,0,0,0,0,0,18,112,2
1780485116.884064,0,0,1,1,0,0,0,0,1,0,0,107,0,1,0,1,1,1,0,0,0,0,0,0,0,0,0,0,0,0,0,0,0,0,0,220,10583,-1,26,"1027
",0,0,0,0,0,0,0,18,112,2
1780485116.904065,0,0,1,1,0,0,0,0,1,0,0,107,0,1,0,1,1,1,0,0,0,0,0,0,0,0,0,0,0,0,0,0,0,0,0,220,10583,-1,26,"1028
",0,0,0,0,0,0,0,18,112,2
1780485116.923066,0,0,1,1,0,0,0,0,1,0,0,101,0,1,0,1,1,1,0,0,0,0,0,0,0,0,0,0,0,0,0,0,0,0,0,220,10583,-1,26,"1029
",0,0,0,0,0,0,0,18,112,2
1780485116.960068,0,0,1,1,0,0,0,0,1,0,0,108,0,1,0,1,1,1,0,0,0,0,0,0,0,0,0,0,0,0,0,0,0,0,0,220,10583,-1,26,"1030
",0,0,0,0,0,0,0,18,112,2
1780485116.963068,0,0,1,1,0,0,0,0,1,0,0,107,0,1,0,1,1,1,0,0,0,0,0,0,0,0,0,0,0,0,0,0,0,0,0,220,10583,-1,26,"1031
",0,0,0,0,0,0,0,18,112,2
1780485116.98407,0,0,1,1,0,0,0,0,1,0,0,107,0,1,0,1,1,1,0,0,0,0,0,0,0,0,0,0,0,0,0,0,0,0,0,220,10583,-1,26,"1032
",0,0,0,0,0,0,0,18,112,1
1780485117.002071,0,0,1,1,0,0,0,0,1,0,0,107,0,1,0,1,1,1,0,0,0,0,0,0,0,0,0,0,0,0,0,0,0,0,0,220,10583,-1,26,"1033
",0,0,0,0,0,0,0,18,112,2
1780485117.022072,0,0,1,1,0,0,0,0,1,0,0,107,0,1,0,1,1,1,0,0,0,0,0,0,0,0,0,0,0,0,0,0,0,0,0,220,10583,-1,26,"1034
",0,0,0,0,0,0,0,18,112,2
1780485117.043073,0,0,1,1,0,0,0,0,1,0,0,107,0,1,0,1,1,1,0,0,0,0,0,0,0,0,0,0,0,0,0,0,0,0,0,220,10583,-1,26,"1035
",0,0,0,0,0,0,0,18,112,2
1780485117.065074,0,0,1,1,0,0,0,0,1,0,0,107,0,1,0,1,1,1,0,0,0,0,0,0,0,0,0,0,0,0,0,0,0,0,0,220,10583,-1,26,"1036
",0,0,0,0,0,0,0,18,112,2
1780485117.085075,0,0,1,1,0,0,0,0,1,0,0,107,0,1,0,1,1,1,0,0,0,0,0,0,0,0,0,0,0,0,0,0,0,0,0,220,10583,2,28,"1037
",0,0,0,0,0,0,0,18,112,2
1780485117.100076,0,0,1,1,0,0,0,0,1,0,0,108,0,1,0,1,1,1,0,0,0,0,0,0,0,0,0,0,0,0,0,0,0,0,0,220,10583,-1,26,"1038
",0,0,0,0,0,0,0,18,112,1
1780485117.120077,0,0,1,1,0,0,0,0,1,0,0,107,0,1,0,1,1,1,0,0,0,0,0,0,0,0,0,0,0,0,0,0,0,0,0,220,10583,-1,26,"1039
",0,0,0,0,0,0,0,18,112,2
1780485117.139078,0,0,1,1,0,0,0,0,1,0,0,108,0,1,0,1,1,1,0,0,0,0,0,0,0,0,0,0,0,0,0,0,0,0,0,220,10583,-1,26,"1040
",0,0,0,0,0,0,0,18,112,1
1780485117.16008,0,0,1,1,0,0,0,0,1,0,0,107,0,1,0,1,1,1,0,0,0,0,0,0,0,0,0,0,0,0,0,0,0,0,0,220,10583,-1,26,"1041
",0,0,0,0,0,0,0,18,112,2
1780485117.187081,0,0,1,1,0,0,0,0,1,0,0,101,0,1,0,1,1,1,0,0,0,0,0,0,0,0,0,0,0,0,0,0,0,0,0,220,10583,-1,26,"1042
",0,0,0,0,0,0,0,18,112,1
1780485117.199082,0,0,1,1,0,0,0,0,1,0,0,107,0,1,0,1,1,1,0,0,0,0,0,0,0,0,0,0,0,0,0,0,0,0,0,220,10583,-1,26,"1043
",0,0,0,0,0,0,0,18,112,2
1780485117.218083,0,0,1,1,0,0,0,0,1,0,0,107,0,1,0,1,1,1,0,0,0,0,0,0,0,0,0,0,0,0,0,0,0,0,0,220,10583,-1,26,"1044
",0,0,0,0,0,0,0,18,112,2
1780485117.238084,0,0,1,1,0,0,0,0,1,0,0,107,0,1,0,1,1,1,0,0,0,0,0,0,0,0,0,0,0,0,0,0,0,0,0,220,10583,-1,26,"1045
",0,0,0,0,0,0,0,18,112,2
1780485117.259085,0,0,1,1,0,0,0,0,1,0,0,107,0,1,0,1,1,1,0,0,0,0,0,0,0,0,0,0,0,0,0,0,0,0,0,220,10583,-1,26,"1046
",0,0,0,0,0,0,0,18,112,1
1780485117.278086,0,0,1,1,0,0,0,0,1,0,0,107,0,1,0,1,1,1,0,0,0,0,0,0,0,0,0,0,0,0,0,0,0,0,0,220,10583,-1,26,"1047
",0,0,0,0,0,0,0,18,112,2
1780485117.297087,0,0,1,1,0,0,0,0,1,0,0,107,0,1,0,1,1,1,0,0,0,0,0,0,0,0,0,0,0,0,0,0,0,0,0,220,10583,-1,26,"1048
",0,0,0,0,0,0,0,18,112,2
1780485117.317089,0,0,1,1,0,0,0,0,1,0,0,107,0,1,0,1,1,1,0,0,0,0,0,0,0,0,0,0,0,0,0,0,0,0,0,220,10583,-1,26,"1049
",0,0,0,0,0,0,0,18,112,2
1780485117.33609,0,0,1,1,0,0,0,0,1,0,0,107,0,1,0,1,1,1,0,0,0,0,0,0,0,0,0,0,0,0,0,0,0,0,0,220,10583,-1,26,"1050
",0,0,0,0,0,0,0,18,112,2
1780485117.356091,0,0,1,1,0,0,0,0,1,0,0,107,0,1,0,1,1,1,0,0,0,0,0,0,0,0,0,0,0,0,0,0,0,0,0,220,10583,-1,26,"1051
",0,0,0,0,0,0,0,18,112,3
1780485117.376092,0,0,1,1,0,0,0,0,1,0,0,107,0,1,0,1,1,1,0,0,0,0,0,0,0,0,0,0,0,0,0,0,0,0,0,220,10583,3,28,"1052
",0,0,0,0,0,0,0,18,112,2
1780485117.396093,0,0,1,1,0,0,0,0,1,0,0,108,0,1,0,1,1,1,0,0,0,0,0,0,0,0,0,0,0,0,0,0,0,0,0,220,10583,-1,26,"1053
",0,0,0,0,0,0,0,18,112,2
1780485117.416094,0,0,1,1,0,0,0,0,1,0,0,102,0,1,0,1,1,1,0,0,0,0,0,0,0,0,0,0,0,0,0,0,0,0,0,220,10583,-1,26,"1054
",0,0,0,0,0,0,0,18,112,3
1780485117.436095,0,0,1,1,0,0,0,0,1,0,0,101,0,1,0,1,1,1,0,0,0,0,0,0,0,0,0,0,0,0,0,0,0,0,0,220,10583,-1,26,"1055
",0,0,0,0,0,0,0,18,112,3
1780485117.475098,0,0,1,1,0,0,0,0,1,0,0,108,0,1,0,1,1,1,0,0,0,0,0,0,0,0,0,0,0,0,0,0,0,0,0,220,10583,-1,26,"1056
",0,0,0,0,0,0,0,18,112,2
1780485117.478098,0,0,1,1,0,0,0,0,1,0,0,108,0,1,0,1,1,1,0,0,0,0,0,0,0,0,0,0,0,0,0,0,0,0,0,220,10583,-1,26,"1057
",0,0,0,0,0,0,0,18,112,3
1780485117.494099,0,0,1,1,0,0,0,0,1,0,0,108,0,1,0,1,1,1,0,0,0,0,0,0,0,0,0,0,0,0,0,0,0,0,0,220,10583,-1,26,"1058
",0,0,0,0,0,0,0,18,112,2
1780485117.5141,0,0,1,1,0,0,0,0,1,0,0,101,0,1,0,1,1,1,0,0,0,0,0,0,0,0,0,0,0,0,0,0,0,0,0,220,10583,-1,26,"1059
",0,0,0,0,0,0,0,18,112,2
1780485117.534101,0,0,1,1,0,0,0,0,1,0,0,101,0,1,0,1,1,1,0,0,0,0,0,0,0,0,0,0,0,0,0,0,0,0,0,220,10583,-1,26,"1060
",0,0,0,0,0,0,0,18,112,2
1780485117.553102,0,0,1,1,0,0,0,0,1,0,0,108,0,1,0,1,1,1,0,0,0,0,0,0,0,0,0,0,0,0,0,0,0,0,0,220,10583,-1,26,"1061
",0,0,0,0,0,0,0,18,112,2
1780485117.574103,0,0,1,1,0,0,0,0,1,0,0,108,0,1,0,1,1,1,0,0,0,0,0,0,0,0,0,0,0,0,0,0,0,0,0,220,10583,-1,26,"1062
",0,0,0,0,0,0,0,18,112,2
1780485117.594104,0,0,1,1,0,0,0,0,1,0,0,108,0,1,0,1,1,1,0,0,0,0,0,0,0,0,0,0,0,0,0,0,0,0,0,220,10583,-1,26,"1063
",0,0,0,0,0,0,0,18,112,2
1780485117.612105,0,0,1,1,0,0,0,0,1,0,0,108,0,1,0,1,1,1,0,0,0,0,0,0,0,0,0,0,0,0,0,0,0,0,0,220,10583,-1,26,"1064
",0,0,0,0,0,0,0,18,112,2
1780485117.632107,0,0,1,1,0,0,0,0,1,0,0,108,0,1,0,1,1,1,0,0,0,0,0,0,0,0,0,0,0,0,0,0,0,0,0,220,10583,-1,26,"1065
",0,0,0,0,0,0,0,18,112,2
1780485117.652108,0,0,1,1,0,0,0,0,1,0,0,102,0,1,0,1,1,1,0,0,0,0,0,0,0,0,0,0,0,0,0,0,0,0,0,220,10583,4,28,"1066
",0,0,0,0,0,0,0,18,112,2
1780485117.679109,0,0,1,1,0,0,0,0,1,0,0,108,0,1,0,1,1,1,0,0,0,0,0,0,0,0,0,0,0,0,0,0,0,0,0,220,10583,-1,26,"1067
",0,0,0,0,0,0,0,18,112,2
1780485117.700111,0,0,1,1,0,0,0,0,1,0,0,108,0,1,0,1,1,1,0,0,0,0,0,0,0,0,0,0,0,0,0,0,0,0,0,220,10583,-1,26,"1068
",0,0,0,0,0,0,0,18,112,1
1780485117.711111,0,0,1,1,0,0,0,0,1,0,0,108,0,1,0,1,1,1,0,0,0,0,0,0,0,0,0,0,0,0,0,0,0,0,0,220,10583,-1,26,"1069
",0,0,0,0,0,0,0,18,112,2
1780485117.730112,0,0,1,1,0,0,0,0,1,0,0,108,0,1,0,1,1,1,0,0,0,0,0,0,0,0,0,0,0,0,0,0,0,0,0,220,10583,-1,26,"1070
",0,0,0,0,0,0,0,18,112,2
1780485117.756114,0,0,1,1,0,0,0,0,1,0,0,108,0,1,0,1,1,1,0,0,0,0,0,0,0,0,0,0,0,0,0,0,0,0,0,220,10583,-1,26,"1071
",0,0,0,0,0,0,0,18,112,2
1780485117.774115,0,0,1,1,0,0,0,0,1,0,0,108,0,1,0,1,1,1,0,0,0,0,0,0,0,0,0,0,0,0,0,0,0,0,0,220,10583,-1,26,"1072
",0,0,0,0,0,0,0,18,112,1
1780485117.789116,0,0,1,1,0,0,0,0,1,0,0,108,0,1,0,1,1,1,0,0,0,0,0,0,0,0,0,0,0,0,0,0,0,0,0,220,10583,-1,26,"1073
",0,0,0,0,0,0,0,18,112,2
1780485117.809117,0,0,1,1,0,0,0,0,1,0,0,108,0,1,0,1,1,1,0,0,0,0,0,0,0,0,0,0,0,0,0,0,0,0,0,220,10583,-1,26,"1074
",0,0,0,0,0,0,0,18,112,1
1780485117.829118,0,0,1,1,0,0,0,0,1,0,0,108,0,1,0,1,1,1,0,0,0,0,0,0,0,0,0,0,0,0,0,0,0,0,0,220,10583,-1,26,"1075
",0,0,0,0,0,0,0,18,112,2
1780485117.848119,0,0,1,1,0,0,0,0,1,0,0,108,0,1,0,1,1,1,0,0,0,0,0,0,0,0,0,0,0,0,0,0,0,0,0,220,10583,-1,26,"1076
",0,0,0,0,0,0,0,18,112,2
1780485117.892121,0,0,1,1,0,0,0,0,1,0,0,108,0,1,0,1,1,1,0,0,0,0,0,0,0,0,0,0,0,0,0,0,0,0,0,220,10583,-1,26,"1077
",0,0,0,0,0,0,0,18,112,2
1780485117.894122,0,0,1,1,0,0,0,0,1,0,0,108,0,1,0,1,1,1,0,0,0,0,0,0,0,0,0,0,0,0,0,0,0,0,0,220,10583,-1,26,"1078
",0,0,0,0,0,0,0,18,112,2
1780485117.909122,0,0,1,1,0,0,0,0,1,0,0,108,0,1,0,1,1,1,0,0,0,0,0,0,0,0,0,0,0,0,0,0,0,0,0,220,10583,5,28,"1079
",0,0,0,0,0,0,0,18,112,2
1780485117.927123,0,0,1,1,0,0,0,0,1,0,0,109,0,1,0,1,1,1,0,0,0,0,0,0,0,0,0,0,0,0,0,0,0,0,0,220,10583,-1,26,"1080
",0,0,0,0,0,0,0,18,112,3
1780485117.947125,0,0,1,1,0,0,0,0,1,0,0,108,0,1,0,1,1,1,0,0,0,0,0,0,0,0,0,0,0,0,0,0,0,0,0,220,10583,-1,26,"1081
",0,0,0,0,0,0,0,18,112,2
1780485117.974126,0,0,1,1,0,0,0,0,1,0,0,108,0,1,0,1,1,1,0,0,0,0,0,0,0,0,0,0,0,0,0,0,0,0,0,220,10583,-1,26,"1082
",0,0,0,0,0,0,0,18,112,3
1780485117.987127,0,0,1,1,0,0,0,0,1,0,0,108,0,1,0,1,1,1,0,0,0,0,0,0,0,0,0,0,0,0,0,0,0,0,0,220,10583,-1,26,"1083
",0,0,0,0,0,0,0,18,112,2
1780485118.006128,0,0,1,1,0,0,0,0,1,0,0,108,0,1,0,1,1,1,0,0,0,0,0,0,0,0,0,0,0,0,0,0,0,0,0,220,10583,-1,26,"1084
",0,0,0,0,0,0,0,18,112,2
1780485118.026129,0,0,1,1,0,0,0,0,1,0,0,108,0,1,0,1,1,1,0,0,0,0,0,0,0,0,0,0,0,0,0,0,0,0,0,220,10583,-1,26,"1085
",0,0,0,0,0,0,0,18,112,2
1780485118.04613,0,0,1,1,0,0,0,0,1,0,0,108,0,1,0,1,1,1,0,0,0,0,0,0,0,0,0,0,0,0,0,0,0,0,0,220,10583,-1,26,"1086
",0,0,0,0,0,0,0,18,112,2
1780485118.065131,0,0,1,1,0,0,0,0,1,0,0,109,0,1,0,1,1,1,0,0,0,0,0,0,0,0,0,0,0,0,0,0,0,0,0,220,10583,-1,26,"1087
",0,0,0,0,0,0,0,18,112,2
1780485118.088133,0,0,1,1,0,0,0,0,1,0,0,108,0,1,0,1,1,1,0,0,0,0,0,0,0,0,0,0,0,0,0,0,0,0,0,220,10583,-1,26,"1088
",0,0,0,0,0,0,0,18,112,1
1780485118.109134,0,0,1,1,0,0,0,0,1,0,0,108,0,1,0,1,1,1,0,0,0,0,0,0,0,0,0,0,0,0,0,0,0,0,0,220,10583,-1,26,"1089
",0,0,0,0,0,0,0,18,112,2
1780485118.124135,0,0,1,1,0,0,0,0,1,0,0,108,0,1,0,1,1,1,0,0,0,0,0,0,0,0,0,0,0,0,0,0,0,0,0,220,10583,-1,26,"1090
",0,0,0,0,0,0,0,18,112,2
1780485118.144136,0,0,1,1,0,0,0,0,1,0,0,108,0,1,0,1,1,1,0,0,0,0,0,0,0,0,0,0,0,0,0,0,0,0,0,220,10583,-1,26,"1091
",0,0,0,0,0,0,0,18,112,2
1780485118.163137,0,0,1,1,0,0,0,0,1,0,0,108,0,1,0,1,1,1,0,0,0,0,0,0,0,0,0,0,0,0,0,0,0,0,0,220,10583,-1,26,"1092
",0,0,0,0,0,0,0,18,112,1
1780485118.191139,0,0,1,1,0,0,0,0,1,0,0,101,0,1,0,1,1,1,0,0,0,0,0,0,0,0,0,0,0,0,0,0,0,0,0,220,10583,-1,26,"1093
",0,0,0,0,0,0,0,18,112,2
1780485118.204139,0,0,1,1,0,0,0,0,1,0,0,108,0,1,0,1,1,1,0,0,0,0,0,0,0,0,0,0,0,0,0,0,0,0,0,220,10583,-1,26,"1094
",0,0,0,0,0,0,0,18,112,1
1780485118.22214,0,0,1,1,0,0,0,0,1,0,0,108,0,1,0,1,1,1,0,0,0,0,0,0,0,0,0,0,0,0,0,0,0,0,0,220,10583,0,28,"1095
",0,0,0,0,0,0,0,18,112,2
1780485118.242142,0,0,1,1,0,0,0,0,1,0,0,107,0,1,0,1,1,1,0,0,0,0,0,0,0,0,0,0,0,0,0,0,0,0,0,220,10583,-1,26,"1096
",0,0,0,0,0,0,0,18,112,2
1780485118.270143,0,0,1,1,0,0,0,0,1,0,0,107,0,1,0,1,1,1,0,0,0,0,0,0,0,0,0,0,0,0,0,0,0,0,0,220,10583,-1,26,"1097
",0,0,0,0,0,0,0,18,112,2
1780485118.281144,0,0,1,1,0,0,0,0,1,0,0,108,0,1,0,1,1,1,0,0,0,0,0,0,0,0,0,0,0,0,0,0,0,0,0,220,10583,-1,26,"1098
",0,0,0,0,0,0,0,18,112,1
1780485118.301145,0,0,1,1,0,0,0,0,1,0,0,107,0,1,0,1,1,1,0,0,0,0,0,0,0,0,0,0,0,0,0,0,0,0,0,220,10583,-1,26,"1099
",0,0,0,0,0,0,0,18,112,2
1780485118.321146,0,0,1,1,0,0,0,0,1,0,0,107,0,1,0,1,1,1,0,0,0,0,0,0,0,0,0,0,0,0,0,0,0,0,0,220,10583,-1,26,"1100
",0,0,0,0,0,0,0,18,112,2
1780485118.340147,0,0,1,1,0,0,0,0,1,0,0,107,0,1,0,1,1,1,0,0,0,0,0,0,0,0,0,0,0,0,0,0,0,0,0,220,10583,-1,26,"1101
",0,0,0,0,0,0,0,18,112,2
1780485118.360148,0,0,1,1,0,0,0,0,1,0,0,107,0,1,0,1,1,1,0,0,0,0,0,0,0,0,0,0,0,0,0,0,0,0,0,220,10583,-1,26,"1102
",0,0,0,0,0,0,0,18,112,1
1780485118.38415,0,0,1,1,0,0,0,0,1,0,0,108,0,1,0,1,1,1,0,0,0,0,0,0,0,0,0,0,0,0,0,0,0,0,0,220,10583,-1,26,"1103
",0,0,0,0,0,0,0,18,112,2
1780485118.39915,0,0,1,1,0,0,0,0,1,0,0,107,0,1,0,1,1,1,0,0,0,0,0,0,0,0,0,0,0,0,0,0,0,0,0,220,10583,-1,26,"1104
",0,0,0,0,0,0,0,18,112,2
1780485118.419152,0,0,1,1,0,0,0,0,1,0,0,108,0,1,0,1,1,1,0,0,0,0,0,0,0,0,0,0,0,0,0,0,0,0,0,220,10583,-1,26,"1105
",0,0,0,0,0,0,0,18,112,3
1780485118.439153,0,0,1,1,0,0,0,0,1,0,0,107,0,1,0,1,1,1,0,0,0,0,0,0,0,0,0,0,0,0,0,0,0,0,0,220,10583,-1,26,"1106
",0,0,0,0,0,0,0,18,112,4
1780485118.458154,0,0,1,1,0,0,0,0,1,0,0,107,0,1,0,1,1,1,0,0,0,0,0,0,0,0,0,0,0,0,0,0,0,0,0,220,10583,-1,26,"1107
",0,0,0,0,0,0,0,18,112,3
1780485118.478155,0,0,1,1,0,0,0,0,1,0,0,107,0,1,0,1,1,1,0,0,0,0,0,0,0,0,0,0,0,0,0,0,0,0,0,220,10583,-1,26,"1108
",0,0,0,0,0,0,0,18,112,2
1780485118.497156,0,0,1,1,0,0,0,0,1,0,0,108,0,1,0,1,1,1,0,0,0,0,0,0,0,0,0,0,0,0,0,0,0,0,0,220,10583,-1,26,"1109
",0,0,0,0,0,0,0,18,112,3
1780485118.518157,0,0,1,1,0,0,0,0,1,0,0,107,0,1,0,1,1,1,0,0,0,0,0,0,0,0,0,0,0,0,0,0,0,0,0,220,10583,1,28,"1110
",0,0,0,0,0,0,0,18,112,3
1780485118.537158,0,0,1,1,0,0,0,0,1,0,0,107,0,1,0,1,1,1,0,0,0,0,0,0,0,0,0,0,0,0,0,0,0,0,0,220,10583,-1,26,"1111
",0,0,0,0,0,0,0,18,112,3
1780485118.55716,0,0,1,1,0,0,0,0,1,0,0,108,0,1,0,1,1,1,0,0,0,0,0,0,0,0,0,0,0,0,0,0,0,0,0,220,10583,-1,26,"1112
",0,0,0,0,0,0,0,18,112,2
1780485118.576161,0,0,1,1,0,0,0,0,1,0,0,107,0,1,0,1,1,1,0,0,0,0,0,0,0,0,0,0,0,0,0,0,0,0,0,220,10583,-1,26,"1113
",0,0,0,0,0,0,0,18,112,3
1780485118.596162,0,0,1,1,0,0,0,0,1,0,0,107,0,1,0,1,1,1,0,0,0,0,0,0,0,0,0,0,0,0,0,0,0,0,0,220,10583,-1,26,"1114
",0,0,0,0,0,0,0,18,112,2
1780485118.615163,0,0,1,1,0,0,0,0,1,0,0,107,0,1,0,1,1,1,0,0,0,0,0,0,0,0,0,0,0,0,0,0,0,0,0,220,10583,-1,26,"1115
",0,0,0,0,0,0,0,18,112,2
1780485118.635164,0,0,1,1,0,0,0,0,1,0,0,107,0,1,0,1,1,1,0,0,0,0,0,0,0,0,0,0,0,0,0,0,0,0,0,220,10583,-1,26,"1116
",0,0,0,0,0,0,0,18,112,2
1780485118.655165,0,0,1,1,0,0,0,0,1,0,0,107,0,1,0,1,1,1,0,0,0,0,0,0,0,0,0,0,0,0,0,0,0,0,0,220,10583,-1,26,"1117
",0,0,0,0,0,0,0,18,112,2
1780485118.674166,0,0,1,1,0,0,0,0,1,0,0,107,0,1,0,1,1,1,0,0,0,0,0,0,0,0,0,0,0,0,0,0,0,0,0,220,10583,-1,26,"1118
",0,0,0,0,0,0,0,18,112,2
1780485118.704168,0,0,1,1,0,0,0,0,1,0,0,108,0,1,0,1,1,1,0,0,0,0,0,0,0,0,0,0,0,0,0,0,0,0,0,220,10583,-1,26,"1119
",0,0,0,0,0,0,0,18,112,3
1780485118.715169,0,0,1,1,0,0,0,0,1,0,0,107,0,1,0,1,1,1,0,0,0,0,0,0,0,0,0,0,0,0,0,0,0,0,0,220,10583,-1,26,"1120
",0,0,0,0,0,0,0,18,112,1
1780485118.73317,0,0,1,1,0,0,0,0,1,0,0,107,0,1,0,1,1,1,0,0,0,0,0,0,0,0,0,0,0,0,0,0,0,0,0,220,10583,-1,26,"1121
",0,0,0,0,0,0,0,18,112,2
1780485118.753171,0,0,1,1,0,0,0,0,1,0,0,100,0,1,0,1,1,1,0,0,0,0,0,0,0,0,0,0,0,0,0,0,0,0,0,220,10583,-1,26,"1122
",0,0,0,0,0,0,0,18,112,2
1780485118.772172,0,0,1,1,0,0,0,0,1,0,0,107,0,1,0,1,1,1,0,0,0,0,0,0,0,0,0,0,0,0,0,0,0,0,0,220,10583,-1,26,"1123
",0,0,0,0,0,0,0,18,112,2
1780485118.809174,0,0,1,1,0,0,0,0,1,0,0,108,0,1,0,1,1,1,0,0,0,0,0,0,0,0,0,0,0,0,0,0,0,0,0,220,10583,2,28,"1124
",0,0,0,0,0,0,0,18,112,2
1780485118.813174,0,0,1,1,0,0,0,0,1,0,0,100,0,1,0,1,1,1,0,0,0,0,0,0,0,0,0,0,0,0,0,0,0,0,0,220,10583,-1,26,"1125
",0,0,0,0,0,0,0,18,112,2
1780485118.832175,0,0,1,1,0,0,0,0,1,0,0,107,0,1,0,1,1,1,0,0,0,0,0,0,0,0,0,0,0,0,0,0,0,0,0,220,10583,-1,26,"1126
",0,0,0,0,0,0,0,18,112,2
1780485118.852176,0,0,1,1,0,0,0,0,1,0,0,107,0,1,0,1,1,1,0,0,0,0,0,0,0,0,0,0,0,0,0,0,0,0,0,220,10583,-1,26,"1127
",0,0,0,0,0,0,0,18,112,2
1780485118.871177,0,0,1,1,0,0,0,0,1,0,0,107,0,1,0,1,1,1,0,0,0,0,0,0,0,0,0,0,0,0,0,0,0,0,0,220,10583,-1,26,"1128
",0,0,0,0,0,0,0,18,112,2
1780485118.891179,0,0,1,1,0,0,0,0,1,0,0,107,0,1,0,1,1,1,0,0,0,0,0,0,0,0,0,0,0,0,0,0,0,0,0,220,10583,-1,26,"1129
",0,0,0,0,0,0,0,18,112,2
1780485118.91018,0,0,1,1,0,0,0,0,1,0,0,107,0,1,0,1,1,1,0,0,0,0,0,0,0,0,0,0,0,0,0,0,0,0,0,220,10583,-1,26,"1130
",0,0,0,0,0,0,0,18,112,2
1780485118.930181,0,0,1,1,0,0,0,0,1,0,0,108,0,1,0,1,1,1,0,0,0,0,0,0,0,0,0,0,0,0,0,0,0,0,0,220,10583,-1,26,"1131
",0,0,0,0,0,0,0,18,112,2
1780485118.949182,0,0,1,1,0,0,0,0,1,0,0,106,0,1,0,1,1,1,0,0,0,0,0,0,0,0,0,0,0,0,0,0,0,0,0,220,10583,-1,26,"1132
",0,0,0,0,0,0,0,18,112,3
1780485118.968183,0,0,1,1,0,0,0,0,1,0,0,107,0,1,0,1,1,1,0,0,0,0,0,0,0,0,0,0,0,0,0,0,0,0,0,220,10583,-1,26,"1133
",0,0,0,0,0,0,0,18,112,3
1780485118.989184,0,0,1,1,0,0,0,0,1,0,0,107,0,1,0,1,1,1,0,0,0,0,0,0,0,0,0,0,0,0,0,0,0,0,0,220,10583,-1,26,"1134
",0,0,0,0,0,0,0,18,112,2
1780485119.008185,0,0,1,1,0,0,0,0,1,0,0,107,0,1,0,1,1,1,0,0,0,0,0,0,0,0,0,0,0,0,0,0,0,0,0,220,10583,-1,26,"1135
",0,0,0,0,0,0,0,18,112,2
1780485119.033187,0,0,1,1,0,0,0,0,1,0,0,107,0,1,0,1,1,1,0,0,0,0,0,0,0,0,0,0,0,0,0,0,0,0,0,220,10583,-1,26,"1136
",0,0,0,0,0,0,0,18,112,2
1780485119.048188,0,0,1,1,0,0,0,0,1,0,0,107,0,1,0,1,1,1,0,0,0,0,0,0,0,0,0,0,0,0,0,0,0,0,0,220,10583,-1,26,"1137
",0,0,0,0,0,0,0,18,112,2
1780485119.067189,0,0,1,1,0,0,0,0,1,0,0,107,0,1,0,1,1,1,0,0,0,0,0,0,0,0,0,0,0,0,0,0,0,0,0,220,10583,3,28,"1138
",0,0,0,0,0,0,0,18,112,2
1780485119.08719,0,0,1,1,0,0,0,0,1,0,0,108,0,1,0,1,1,1,0,0,0,0,0,0,0,0,0,0,0,0,0,0,0,0,0,220,10583,-1,26,"1139
",0,0,0,0,0,0,0,18,112,2
1780485119.108191,0,0,1,1,0,0,0,0,1,0,0,108,0,1,0,1,1,1,0,0,0,0,0,0,0,0,0,0,0,0,0,0,0,0,0,220,10583,-1,26,"1140
",0,0,0,0,0,0,0,18,112,2
1780485119.133192,0,0,1,1,0,0,0,0,1,0,0,108,0,1,0,1,1,1,0,0,0,0,0,0,0,0,0,0,0,0,0,0,0,0,0,220,10583,-1,26,"1141
",0,0,0,0,0,0,0,18,112,2
1780485119.146193,0,0,1,1,0,0,0,0,1,0,0,109,0,1,0,1,1,1,0,0,0,0,0,0,0,0,0,0,0,0,0,0,0,0,0,220,10583,-1,26,"1142
",0,0,0,0,0,0,0,18,112,2
1780485119.165194,0,0,1,1,0,0,0,0,1,0,0,109,0,1,0,1,1,1,0,0,0,0,0,0,0,0,0,0,0,0,0,0,0,0,0,220,10583,-1,26,"1143
",0,0,0,0,0,0,0,18,112,2
1780485119.184195,0,0,1,1,0,0,0,0,1,0,0,108,0,1,0,1,1,1,0,0,0,0,0,0,0,0,0,0,0,0,0,0,0,0,0,220,10583,-1,26,"1144
",0,0,0,0,0,0,0,18,112,1
1780485119.209197,0,0,1,1,0,0,0,0,1,0,0,108,0,1,0,1,1,1,0,0,0,0,0,0,0,0,0,0,0,0,0,0,0,0,0,220,10583,-1,26,"1145
",0,0,0,0,0,0,0,18,112,2
1780485119.224198,0,0,1,1,0,0,0,0,1,0,0,102,0,1,0,1,1,1,0,0,0,0,0,0,0,0,0,0,0,0,0,0,0,0,0,220,10583,-1,26,"1146
",0,0,0,0,0,0,0,18,112,2
1780485119.244199,0,0,1,1,0,0,0,0,1,0,0,108,0,1,0,1,1,1,0,0,0,0,0,0,0,0,0,0,0,0,0,0,0,0,0,220,10583,-1,26,"1147
",0,0,0,0,0,0,0,18,112,2
1780485119.2632,0,0,1,1,0,0,0,0,1,0,0,108,0,1,0,1,1,1,0,0,0,0,0,0,0,0,0,0,0,0,0,0,0,0,0,220,10583,-1,26,"1148
",0,0,0,0,0,0,0,18,112,2
1780485119.282201,0,0,1,1,0,0,0,0,1,0,0,109,0,1,0,1,1,1,0,0,0,0,0,0,0,0,0,0,0,0,0,0,0,0,0,220,10583,-1,26,"1149
",0,0,0,0,0,0,0,18,112,3
1780485119.303202,0,0,1,1,0,0,0,0,1,0,0,108,0,1,0,1,1,1,0,0,0,0,0,0,0,0,0,0,0,0,0,0,0,0,0,220,10583,-1,26,"1150
",0,0,0,0,0,0,0,18,112,3
1780485119.340204,0,0,1,1,0,0,0,0,1,0,0,108,0,1,0,1,1,1,0,0,0,0,0,0,0,0,0,0,0,0,0,0,0,0,0,220,10583,-1,26,"1151
",0,0,0,0,0,0,0,18,112,3
1780485119.343204,0,0,1,1,0,0,0,0,1,0,0,108,0,1,0,1,1,1,0,0,0,0,0,0,0,0,0,0,0,0,0,0,0,0,0,220,10583,-1,26,"1152
",0,0,0,0,0,0,0,18,112,1
1780485119.362206,0,0,1,1,0,0,0,0,1,0,0,108,0,1,0,1,1,1,0,0,0,0,0,0,0,0,0,0,0,0,0,0,0,0,0,220,10583,4,28,"1153
",0,0,0,0,0,0,0,18,112,2
1780485119.381207,0,0,1,1,0,0,0,0,1,0,0,108,0,1,0,1,1,1,0,0,0,0,0,0,0,0,0,0,0,0,0,0,0,0,0,220,10583,-1,26,"1154
",0,0,0,0,0,0,0,18,112,2
1780485119.401208,0,0,1,1,0,0,0,0,1,0,0,108,0,1,0,1,1,1,0,0,0,0,0,0,0,0,0,0,0,0,0,0,0,0,0,220,10583,-1,26,"1155
",0,0,0,0,0,0,0,18,112,3
1780485119.421209,0,0,1,1,0,0,0,0,1,0,0,108,0,1,0,1,1,1,0,0,0,0,0,0,0,0,0,0,0,0,0,0,0,0,0,220,10583,-1,26,"1156
",0,0,0,0,0,0,0,18,112,2
1780485119.44121,0,0,1,1,0,0,0,0,1,0,0,109,0,1,0,1,1,1,0,0,0,0,0,0,0,0,0,0,0,0,0,0,0,0,0,220,10583,-1,26,"1157
",0,0,0,0,0,0,0,18,112,2
1780485119.460211,0,0,1,1,0,0,0,0,1,0,0,107,0,1,0,1,1,1,0,0,0,0,0,0,0,0,0,0,0,0,0,0,0,0,0,220,10583,-1,26,"1158
",0,0,0,0,0,0,0,18,112,3
1780485119.479212,0,0,1,1,0,0,0,0,1,0,0,108,0,1,0,1,1,1,0,0,0,0,0,0,0,0,0,0,0,0,0,0,0,0,0,220,10583,-1,26,"1159
",0,0,0,0,0,0,0,18,112,2
1780485119.501214,0,0,1,1,0,0,0,0,1,0,0,108,0,1,0,1,1,1,0,0,0,0,0,0,0,0,0,0,0,0,0,0,0,0,0,220,10583,-1,26,"1160
",0,0,0,0,0,0,0,18,112,2
1780485119.521215,0,0,1,1,0,0,0,0,1,0,0,108,0,1,0,1,1,1,0,0,0,0,0,0,0,0,0,0,0,0,0,0,0,0,0,220,10583,-1,26,"1161
",0,0,0,0,0,0,0,18,112,3
1780485119.539216,0,0,1,1,0,0,0,0,1,0,0,108,0,1,0,1,1,1,0,0,0,0,0,0,0,0,0,0,0,0,0,0,0,0,0,220,10583,-1,26,"1162
",0,0,0,0,0,0,0,18,112,2
1780485119.559217,0,0,1,1,0,0,0,0,1,0,0,109,0,1,0,1,1,1,0,0,0,0,0,0,0,0,0,0,0,0,0,0,0,0,0,220,10583,-1,26,"1163
",0,0,0,0,0,0,0,18,112,2
1780485119.578218,0,0,1,1,0,0,0,0,1,0,0,108,0,1,0,1,1,1,0,0,0,0,0,0,0,0,0,0,0,0,0,0,0,0,0,220,10583,-1,26,"1164
",0,0,0,0,0,0,0,18,112,2
1780485119.599219,0,0,1,1,0,0,0,0,1,0,0,108,0,1,0,1,1,1,0,0,0,0,0,0,0,0,0,0,0,0,0,0,0,0,0,220,10583,-1,26,"1165
",0,0,0,0,0,0,0,18,112,2
1780485119.62122,0,0,1,1,0,0,0,0,1,0,0,108,0,1,0,1,1,1,0,0,0,0,0,0,0,0,0,0,0,0,0,0,0,0,0,220,10583,-1,26,"1166
",0,0,0,0,0,0,0,18,112,3
1780485119.638221,0,0,1,1,0,0,0,0,1,0,0,108,0,1,0,1,1,1,0,0,0,0,0,0,0,0,0,0,0,0,0,0,0,0,0,220,10583,-1,26,"1167
",0,0,0,0,0,0,0,18,112,3
1780485119.658222,0,0,1,1,0,0,0,0,1,0,0,102,0,1,0,1,1,1,0,0,0,0,0,0,0,0,0,0,0,0,0,0,0,0,0,220,10583,5,28,"1168
",0,0,0,0,0,0,0,18,112,3
1780485119.677224,0,0,1,1,0,0,0,0,1,0,0,107,0,1,0,1,1,1,0,0,0,0,0,0,0,0,0,0,0,0,0,0,0,0,0,220,10583,-1,26,"1169
",0,0,0,0,0,0,0,18,112,2
1780485119.696225,0,0,1,1,0,0,0,0,1,0,0,108,0,1,0,1,1,1,0,0,0,0,0,0,0,0,0,0,0,0,0,0,0,0,0,220,10583,-1,26,"1170
",0,0,0,0,0,0,0,18,112,2
1780485119.717226,0,0,1,1,0,0,0,0,1,0,0,102,0,1,0,1,1,1,0,0,0,0,0,0,0,0,0,0,0,0,0,0,0,0,0,220,10583,-1,26,"1171
",0,0,0,0,0,0,0,18,112,3
1780485119.736227,0,0,1,1,0,0,0,0,1,0,0,108,0,1,0,1,1,1,0,0,0,0,0,0,0,0,0,0,0,0,0,0,0,0,0,220,10583,-1,26,"1172
",0,0,0,0,0,0,0,18,112,2
1780485119.755228,0,0,1,1,0,0,0,0,1,0,0,108,0,1,0,1,1,1,0,0,0,0,0,0,0,0,0,0,0,0,0,0,0,0,0,220,10583,-1,26,"1173
",0,0,0,0,0,0,0,18,112,2
1780485119.775229,0,0,1,1,0,0,0,0,1,0,0,108,0,1,0,1,1,1,0,0,0,0,0,0,0,0,0,0,0,0,0,0,0,0,0,220,10583,-1,26,"1174
",0,0,0,0,0,0,0,18,112,2
1780485119.79423,0,0,1,1,0,0,0,0,1,0,0,108,0,1,0,1,1,1,0,0,0,0,0,0,0,0,0,0,0,0,0,0,0,0,0,220,10583,-1,26,"1175
",0,0,0,0,0,0,0,18,112,2
1780485119.833233,0,0,1,1,0,0,0,0,1,0,0,108,0,1,0,1,1,1,0,0,0,0,0,0,0,0,0,0,0,0,0,0,0,0,0,220,10583,-1,26,"1176
",0,0,0,0,0,0,0,18,112,2
1780485119.836233,0,0,1,1,0,0,0,0,1,0,0,109,0,1,0,1,1,1,0,0,0,0,0,0,0,0,0,0,0,0,0,0,0,0,0,220,10583,-1,26,"1177
",0,0,0,0,0,0,0,18,112,2
1780485119.854234,0,0,1,1,0,0,0,0,1,0,0,107,0,1,0,1,1,1,0,0,0,0,0,0,0,0,0,0,0,0,0,0,0,0,0,220,10583,-1,26,"1178
",0,0,0,0,0,0,0,18,112,2
1780485119.874235,0,0,1,1,0,0,0,0,1,0,0,108,0,1,0,1,1,1,0,0,0,0,0,0,0,0,0,0,0,0,0,0,0,0,0,220,10583,-1,26,"1179
",0,0,0,0,0,0,0,18,112,2
1780485119.893236,0,0,1,1,0,0,0,0,1,0,0,108,0,1,0,1,1,1,0,0,0,0,0,0,0,0,0,0,0,0,0,0,0,0,0,220,10583,-1,26,"1180
",0,0,0,0,0,0,0,18,112,2
1780485119.913237,0,0,1,1,0,0,0,0,1,0,0,102,0,1,0,1,1,1,0,0,0,0,0,0,0,0,0,0,0,0,0,0,0,0,0,220,10583,-1,26,"1181
",0,0,0,0,0,0,0,18,112,2
1780485119.933238,0,0,1,1,0,0,0,0,1,0,0,108,0,1,0,1,1,1,0,0,0,0,0,0,0,0,0,0,0,0,0,0,0,0,0,220,10583,-1,26,"1182
",0,0,0,0,0,0,0,18,112,1
1780485119.952239,0,0,1,1,0,0,0,0,1,0,0,109,0,1,0,1,1,1,0,0,0,0,0,0,0,0,0,0,0,0,0,0,0,0,0,220,10583,0,28,"1183
",0,0,0,0,0,0,0,18,112,2
1780485119.97224,0,0,1,1,0,0,0,0,1,0,0,107,0,1,0,1,1,1,0,0,0,0,0,0,0,0,0,0,0,0,0,0,0,0,0,220,10583,-1,26,"1184
",0,0,0,0,0,0,0,18,112,2
1780485119.991242,0,0,1,1,0,0,0,0,1,0,0,107,0,1,0,1,1,1,0,0,0,0,0,0,0,0,0,0,0,0,0,0,0,0,0,220,10583,-1,26,"1185
",0,0,0,0,0,0,0,18,112,2
1780485120.011243,0,0,1,1,0,0,0,0,1,0,0,107,0,1,0,1,1,1,0,0,0,0,0,0,0,0,0,0,0,0,0,0,0,0,0,220,10583,-1,26,"1186
",0,0,0,0,0,0,0,18,112,2
1780485120.031244,0,0,1,1,0,0,0,0,1,0,0,101,0,1,0,1,1,1,0,0,0,0,0,0,0,0,0,0,0,0,0,0,0,0,0,220,10583,-1,26,"1187
",0,0,0,0,0,0,0,18,112,2
1780485120.051245,0,0,1,1,0,0,0,0,1,0,0,108,0,1,0,1,1,1,0,0,0,0,0,0,0,0,0,0,0,0,0,0,0,0,0,220,10583,-1,26,"1188
",0,0,0,0,0,0,0,18,112,1
1780485120.071246,0,0,1,1,0,0,0,0,1,0,0,107,0,1,0,1,1,1,0,0,0,0,0,0,0,0,0,0,0,0,0,0,0,0,0,220,10583,-1,26,"1189
",0,0,0,0,0,0,0,18,112,2
1780485120.089247,0,0,1,1,0,0,0,0,1,0,0,107,0,1,0,1,1,1,0,0,0,0,0,0,0,0,0,0,0,0,0,0,0,0,0,220,10583,-1,26,"1190
",0,0,0,0,0,0,0,18,112,2
1780485120.112248,0,0,1,1,0,0,0,0,1,0,0,107,0,1,0,1,1,1,0,0,0,0,0,0,0,0,0,0,0,0,0,0,0,0,0,220,10583,-1,26,"1191
",0,0,0,0,0,0,0,18,112,2
1780485120.13525,0,0,1,1,0,0,0,0,1,0,0,107,0,1,0,1,1,1,0,0,0,0,0,0,0,0,0,0,0,0,0,0,0,0,0,220,10583,-1,26,"1192
",0,0,0,0,0,0,0,18,112,2
1780485120.154251,0,0,1,1,0,0,0,0,1,0,0,107,0,1,0,1,1,1,0,0,0,0,0,0,0,0,0,0,0,0,0,0,0,0,0,220,10583,-1,26,"1193
",0,0,0,0,0,0,0,18,112,2
1780485120.169252,0,0,1,1,0,0,0,0,1,0,0,107,0,1,0,1,1,1,0,0,0,0,0,0,0,0,0,0,0,0,0,0,0,0,0,220,10583,-1,26,"1194
",0,0,0,0,0,0,0,18,112,1
1780485120.188253,0,0,1,1,0,0,0,0,1,0,0,107,0,1,0,1,1,1,0,0,0,0,0,0,0,0,0,0,0,0,0,0,0,0,0,220,10583,-1,26,"1195
",0,0,0,0,0,0,0,18,112,2
1780485120.207254,0,0,1,1,0,0,0,0,1,0,0,108,0,1,0,1,1,1,0,0,0,0,0,0,0,0,0,0,0,0,0,0,0,0,0,220,10583,-1,26,"1196
",0,0,0,0,0,0,0,18,112,1
1780485120.236256,0,0,1,1,0,0,0,0,1,0,0,107,0,1,0,1,1,1,0,0,0,0,0,0,0,0,0,0,0,0,0,0,0,0,0,220,10583,-1,26,"1197
",0,0,0,0,0,0,0,18,112,2
1780485120.247256,0,0,1,1,0,0,0,0,1,0,0,108,0,1,0,1,1,1,0,0,0,0,0,0,0,0,0,0,0,0,0,0,0,0,0,220,10583,1,28,"1198
",0,0,0,0,0,0,0,18,112,1
1780485120.267257,0,0,1,1,0,0,0,0,1,0,0,107,0,1,0,1,1,1,0,0,0,0,0,0,0,0,0,0,0,0,0,0,0,0,0,220,10583,-1,26,"1199
",0,0,0,0,0,0,0,18,112,2
1780485120.288259,0,0,1,1,0,0,0,0,1,0,0,107,0,1,0,1,1,1,0,0,0,0,0,0,0,0,0,0,0,0,0,0,0,0,0,220,10583,-1,26,"1200
",0,0,0,0,0,0,0,18,112,2
1780485120.30626,0,0,1,1,0,0,0,0,1,0,0,107,0,1,0,1,1,1,0,0,0,0,0,0,0,0,0,0,0,0,0,0,0,0,0,220,10583,-1,26,"1201
",0,0,0,0,0,0,0,18,112,2
1780485120.334261,0,0,1,1,0,0,0,0,1,0,0,107,0,1,0,1,1,1,0,0,0,0,0,0,0,0,0,0,0,0,0,0,0,0,0,220,10583,-1,26,"1202
",0,0,0,0,0,0,0,18,112,2
1780485120.346262,0,0,1,1,0,0,0,0,1,0,0,108,0,1,0,1,1,1,0,0,0,0,0,0,0,0,0,0,0,0,0,0,0,0,0,220,10583,-1,26,"1203
",0,0,0,0,0,0,0,18,112,2
1780485120.366263,0,0,1,1,0,0,0,0,1,0,0,107,0,1,0,1,1,1,0,0,0,0,0,0,0,0,0,0,0,0,0,0,0,0,0,220,10583,-1,26,"1204
",0,0,0,0,0,0,0,18,112,2
1780485120.386264,0,0,1,1,0,0,0,0,1,0,0,107,0,1,0,1,1,1,0,0,0,0,0,0,0,0,0,0,0,0,0,0,0,0,0,220,10583,-1,26,"1205
",0,0,0,0,0,0,0,18,112,2
1780485120.406265,0,0,1,1,0,0,0,0,1,0,0,107,0,1,0,1,1,1,0,0,0,0,0,0,0,0,0,0,0,0,0,0,0,0,0,220,10583,-1,26,"1206
",0,0,0,0,0,0,0,18,112,2
1780485120.425266,0,0,1,1,0,0,0,0,1,0,0,108,0,1,0,1,1,1,0,0,0,0,0,0,0,0,0,0,0,0,0,0,0,0,0,220,10583,-1,26,"1207
",0,0,0,0,0,0,0,18,112,2
1780485120.445268,0,0,1,1,0,0,0,0,1,0,0,107,0,1,0,1,1,1,0,0,0,0,0,0,0,0,0,0,0,0,0,0,0,0,0,220,10583,-1,26,"1208
",0,0,0,0,0,0,0,18,112,2
1780485120.464269,0,0,1,1,0,0,0,0,1,0,0,107,0,1,0,1,1,1,0,0,0,0,0,0,0,0,0,0,0,0,0,0,0,0,0,220,10583,-1,26,"1209
",0,0,0,0,0,0,0,18,112,2
1780485120.48427,0,0,1,1,0,0,0,0,1,0,0,107,0,1,0,1,1,1,0,0,0,0,0,0,0,0,0,0,0,0,0,0,0,0,0,220,10583,-1,26,"1210
",0,0,0,0,0,0,0,18,112,2
1780485120.503271,0,0,1,1,0,0,0,0,1,0,0,107,0,1,0,1,1,1,0,0,0,0,0,0,0,0,0,0,0,0,0,0,0,0,0,220,10583,-1,26,"1211
",0,0,0,0,0,0,0,18,112,3
1780485120.524272,0,0,1,1,0,0,0,0,1,0,0,107,0,1,0,1,1,1,0,0,0,0,0,0,0,0,0,0,0,0,0,0,0,0,0,220,10583,2,28,"1212
",0,0,0,0,0,0,0,18,112,3
1780485120.547273,0,0,1,1,0,0,0,0,1,0,0,107,0,1,0,1,1,1,0,0,0,0,0,0,0,0,0,0,0,0,0,0,0,0,0,220,10583,-1,26,"1213
",0,0,0,0,0,0,0,18,112,2
1780485120.563274,0,0,1,1,0,0,0,0,1,0,0,107,0,1,0,1,1,1,0,0,0,0,0,0,0,0,0,0,0,0,0,0,0,0,0,220,10583,-1,26,"1214
",0,0,0,0,0,0,0,18,112,3
1780485120.582275,0,0,1,1,0,0,0,0,1,0,0,108,0,1,0,1,1,1,0,0,0,0,0,0,0,0,0,0,0,0,0,0,0,0,0,220,10583,-1,26,"1215
",0,0,0,0,0,0,0,18,112,2
1780485120.601276,0,0,1,1,0,0,0,0,1,0,0,107,0,1,0,1,1,1,0,0,0,0,0,0,0,0,0,0,0,0,0,0,0,0,0,220,10583,-1,26,"1216
",0,0,0,0,0,0,0,18,112,2
1780485120.623278,0,0,1,1,0,0,0,0,1,0,0,107,0,1,0,1,1,1,0,0,0,0,0,0,0,0,0,0,0,0,0,0,0,0,0,220,10583,-1,26,"1217
",0,0,0,0,0,0,0,18,112,2
1780485120.65528,0,0,1,1,0,0,0,0,1,0,0,107,0,1,0,1,1,1,0,0,0,0,0,0,0,0,0,0,0,0,0,0,0,0,0,220,10583,-1,26,"1218
",0,0,0,0,0,0,0,18,112,2
1780485120.66128,0,0,1,1,0,0,0,0,1,0,0,108,0,1,0,1,1,1,0,0,0,0,0,0,0,0,0,0,0,0,0,0,0,0,0,220,10583,-1,26,"1219
",0,0,0,0,0,0,0,18,112,2
1780485120.682281,0,0,1,1,0,0,0,0,1,0,0,107,0,1,0,1,1,1,0,0,0,0,0,0,0,0,0,0,0,0,0,0,0,0,0,220,10583,-1,26,"1220
",0,0,0,0,0,0,0,18,112,3
1780485120.700282,0,0,1,1,0,0,0,0,1,0,0,108,0,1,0,1,1,1,0,0,0,0,0,0,0,0,0,0,0,0,0,0,0,0,0,220,10583,-1,26,"1221
",0,0,0,0,0,0,0,18,112,3
1780485120.720283,0,0,1,1,0,0,0,0,1,0,0,107,0,1,0,1,1,1,0,0,0,0,0,0,0,0,0,0,0,0,0,0,0,0,0,220,10583,-1,26,"1222
",0,0,0,0,0,0,0,18,112,2
1780485120.750285,0,0,1,1,0,0,0,0,1,0,0,107,0,1,0,1,1,1,0,0,0,0,0,0,0,0,0,0,0,0,0,0,0,0,0,220,10583,-1,26,"1223
",0,0,0,0,0,0,0,18,112,3
1780485120.760286,0,0,1,1,0,0,0,0,1,0,0,108,0,1,0,1,1,1,0,0,0,0,0,0,0,0,0,0,0,0,0,0,0,0,0,220,10583,-1,26,"1224
",0,0,0,0,0,0,0,18,112,3
1780485120.779287,0,0,1,1,0,0,0,0,1,0,0,107,0,1,0,1,1,1,0,0,0,0,0,0,0,0,0,0,0,0,0,0,0,0,0,220,10583,-1,26,"1225
",0,0,0,0,0,0,0,18,112,2
1780485120.806288,0,0,1,1,0,0,0,0,1,0,0,107,0,1,0,1,1,1,0,0,0,0,0,0,0,0,0,0,0,0,0,0,0,0,0,220,10583,3,28,"1226
",0,0,0,0,0,0,0,18,112,2
1780485120.819289,0,0,1,1,0,0,0,0,1,0,0,108,0,1,0,1,1,1,0,0,0,0,0,0,0,0,0,0,0,0,0,0,0,0,0,220,10583,-1,26,"1227
",0,0,0,0,0,0,0,18,112,2
1780485120.84129,0,0,1,1,0,0,0,0,1,0,0,108,0,1,0,1,1,1,0,0,0,0,0,0,0,0,0,0,0,0,0,0,0,0,0,220,10583,-1,26,"1228
",0,0,0,0,0,0,0,18,112,2
1780485120.858291,0,0,1,1,0,0,0,0,1,0,0,108,0,1,0,1,1,1,0,0,0,0,0,0,0,0,0,0,0,0,0,0,0,0,0,220,10583,-1,26,"1229
",0,0,0,0,0,0,0,18,112,2
1780485120.878292,0,0,1,1,0,0,0,0,1,0,0,108,0,1,0,1,1,1,0,0,0,0,0,0,0,0,0,0,0,0,0,0,0,0,0,220,10583,-1,26,"1230
",0,0,0,0,0,0,0,18,112,2
1780485120.897293,0,0,1,1,0,0,0,0,1,0,0,108,0,1,0,1,1,1,0,0,0,0,0,0,0,0,0,0,0,0,0,0,0,0,0,220,10583,-1,26,"1231
",0,0,0,0,0,0,0,18,112,2
1780485120.917295,0,0,1,1,0,0,0,0,1,0,0,109,0,1,0,1,1,1,0,0,0,0,0,0,0,0,0,0,0,0,0,0,0,0,0,220,10583,-1,26,"1232
",0,0,0,0,0,0,0,18,112,2
1780485120.955297,0,0,1,1,0,0,0,0,1,0,0,108,0,1,0,1,1,1,0,0,0,0,0,0,0,0,0,0,0,0,0,0,0,0,0,220,10583,-1,26,"1233
",0,0,0,0,0,0,0,18,112,2
1780485120.958297,0,0,1,1,0,0,0,0,1,0,0,108,0,1,0,1,1,1,0,0,0,0,0,0,0,0,0,0,0,0,0,0,0,0,0,220,10583,-1,26,"1234
",0,0,0,0,0,0,0,18,112,1
1780485120.977298,0,0,1,1,0,0,0,0,1,0,0,108,0,1,0,1,1,1,0,0,0,0,0,0,0,0,0,0,0,0,0,0,0,0,0,220,10583,-1,26,"1235
",0,0,0,0,0,0,0,18,112,2
1780485120.996299,0,0,1,1,0,0,0,0,1,0,0,108,0,1,0,1,1,1,0,0,0,0,0,0,0,0,0,0,0,0,0,0,0,0,0,220,10583,-1,26,"1236
",0,0,0,0,0,0,0,18,112,2
1780485121.0153,0,0,1,1,0,0,0,0,1,0,0,101,0,1,0,1,1,1,0,0,0,0,0,0,0,0,0,0,0,0,0,0,0,0,0,220,10583,-1,26,"1237
",0,0,0,0,0,0,0,18,112,2
1780485121.036301,0,0,1,1,0,0,0,0,1,0,0,108,0,1,0,1,1,1,0,0,0,0,0,0,0,0,0,0,0,0,0,0,0,0,0,220,10583,-1,26,"1238
",0,0,0,0,0,0,0,18,112,2
1780485121.056302,0,0,1,1,0,0,0,0,1,0,0,108,0,1,0,1,1,1,0,0,0,0,0,0,0,0,0,0,0,0,0,0,0,0,0,220,10583,-1,26,"1239
",0,0,0,0,0,0,0,18,112,2
1780485121.075304,0,0,1,1,0,0,0,0,1,0,0,109,0,1,0,1,1,1,0,0,0,0,0,0,0,0,0,0,0,0,0,0,0,0,0,220,10583,4,28,"1240
",0,0,0,0,0,0,0,18,112,2
1780485121.095305,0,0,1,1,0,0,0,0,1,0,0,108,0,1,0,1,1,1,0,0,0,0,0,0,0,0,0,0,0,0,0,0,0,0,0,220,10583,-1,26,"1241
",0,0,0,0,0,0,0,18,112,2
1780485121.114306,0,0,1,1,0,0,0,0,1,0,0,108,0,1,0,1,1,1,0,0,0,0,0,0,0,0,0,0,0,0,0,0,0,0,0,220,10583,-1,26,"1242
",0,0,0,0,0,0,0,18,112,2
1780485121.135307,0,0,1,1,0,0,0,0,1,0,0,108,0,1,0,1,1,1,0,0,0,0,0,0,0,0,0,0,0,0,0,0,0,0,0,220,10583,-1,26,"1243
",0,0,0,0,0,0,0,18,112,2
1780485121.156308,0,0,1,1,0,0,0,0,1,0,0,108,0,1,0,1,1,1,0,0,0,0,0,0,0,0,0,0,0,0,0,0,0,0,0,220,10583,-1,26,"1244
",0,0,0,0,0,0,0,18,112,2
1780485121.176309,0,0,1,1,0,0,0,0,1,0,0,108,0,1,0,1,1,1,0,0,0,0,0,0,0,0,0,0,0,0,0,0,0,0,0,220,10583,-1,26,"1245
",0,0,0,0,0,0,0,18,112,2
1780485121.19331,0,0,1,1,0,0,0,0,1,0,0,108,0,1,0,1,1,1,0,0,0,0,0,0,0,0,0,0,0,0,0,0,0,0,0,220,10583,-1,26,"1246
",0,0,0,0,0,0,0,18,112,2
1780485121.212311,0,0,1,1,0,0,0,0,1,0,0,108,0,1,0,1,1,1,0,0,0,0,0,0,0,0,0,0,0,0,0,0,0,0,0,220,10583,-1,26,"1247
",0,0,0,0,0,0,0,18,112,3
1780485121.232313,0,0,1,1,0,0,0,0,1,0,0,108,0,1,0,1,1,1,0,0,0,0,0,0,0,0,0,0,0,0,0,0,0,0,0,220,10583,-1,26,"1248
",0,0,0,0,0,0,0,18,112,3
1780485121.256314,0,0,1,1,0,0,0,0,1,0,0,107,0,1,0,1,1,1,0,0,0,0,0,0,0,0,0,0,0,0,0,0,0,0,0,220,10583,-1,26,"1249
",0,0,0,0,0,0,0,18,112,2
1780485121.272315,0,0,1,1,0,0,0,0,1,0,0,108,0,1,0,1,1,1,0,0,0,0,0,0,0,0,0,0,0,0,0,0,0,0,0,220,10583,-1,26,"1250
",0,0,0,0,0,0,0,18,112,2
1780485121.293316,0,0,1,1,0,0,0,0,1,0,0,108,0,1,0,1,1,1,0,0,0,0,0,0,0,0,0,0,0,0,0,0,0,0,0,220,10583,-1,26,"1251
",0,0,0,0,0,0,0,18,112,2
1780485121.310317,0,0,1,1,0,0,0,0,1,0,0,102,0,1,0,1,1,1,0,0,0,0,0,0,0,0,0,0,0,0,0,0,0,0,0,220,10583,-1,26,"1252
",0,0,0,0,0,0,0,18,112,2
1780485121.330318,0,0,1,1,0,0,0,0,1,0,0,108,0,1,0,1,1,1,0,0,0,0,0,0,0,0,0,0,0,0,0,0,0,0,0,220,10583,-1,26,"1253
",0,0,0,0,0,0,0,18,112,2
1780485121.351319,0,0,1,1,0,0,0,0,1,0,0,108,0,1,0,1,1,1,0,0,0,0,0,0,0,0,0,0,0,0,0,0,0,0,0,220,10583,-1,26,"1254
",0,0,0,0,0,0,0,18,112,2
1780485121.37032,0,0,1,1,0,0,0,0,1,0,0,108,0,1,0,1,1,1,0,0,0,0,0,0,0,0,0,0,0,0,0,0,0,0,0,220,10583,5,28,"1255
",0,0,0,0,0,0,0,18,112,2
1780485121.390322,0,0,1,1,0,0,0,0,1,0,0,109,0,1,0,1,1,1,0,0,0,0,0,0,0,0,0,0,0,0,0,0,0,0,0,220,10583,-1,26,"1256
",0,0,0,0,0,0,0,18,112,2
1780485121.409323,0,0,1,1,0,0,0,0,1,0,0,108,0,1,0,1,1,1,0,0,0,0,0,0,0,0,0,0,0,0,0,0,0,0,0,220,10583,-1,26,"1257
",0,0,0,0,0,0,0,18,112,2
1780485121.429324,0,0,1,1,0,0,0,0,1,0,0,109,0,1,0,1,1,1,0,0,0,0,0,0,0,0,0,0,0,0,0,0,0,0,0,220,10583,-1,26,"1258
",0,0,0,0,0,0,0,18,112,2
1780485121.450325,0,0,1,1,0,0,0,0,1,0,0,108,0,1,0,1,1,1,0,0,0,0,0,0,0,0,0,0,0,0,0,0,0,0,0,220,10583,-1,26,"1259
",0,0,0,0,0,0,0,18,112,2
1780485121.469326,0,0,1,1,0,0,0,0,1,0,0,108,0,1,0,1,1,1,0,0,0,0,0,0,0,0,0,0,0,0,0,0,0,0,0,220,10583,-1,26,"1260
",0,0,0,0,0,0,0,18,112,2
1780485121.490327,0,0,1,1,0,0,0,0,1,0,0,107,0,1,0,1,1,1,0,0,0,0,0,0,0,0,0,0,0,0,0,0,0,0,0,220,10583,-1,26,"1261
",0,0,0,0,0,0,0,18,112,2
1780485121.507328,0,0,1,1,0,0,0,0,1,0,0,102,0,1,0,1,1,1,0,0,0,0,0,0,0,0,0,0,0,0,0,0,0,0,0,220,10583,-1,26,"1262
",0,0,0,0,0,0,0,18,112,1
1780485121.53333,0,0,1,1,0,0,0,0,1,0,0,109,0,1,0,1,1,1,0,0,0,0,0,0,0,0,0,0,0,0,0,0,0,0,0,220,10583,-1,26,"1263
",0,0,0,0,0,0,0,18,112,2
1780485121.547331,0,0,1,1,0,0,0,0,1,0,0,108,0,1,0,1,1,1,0,0,0,0,0,0,0,0,0,0,0,0,0,0,0,0,0,220,10583,-1,26,"1264
",0,0,0,0,0,0,0,18,112,2
1780485121.568332,0,0,1,1,0,0,0,0,1,0,0,108,0,1,0,1,1,1,0,0,0,0,0,0,0,0,0,0,0,0,0,0,0,0,0,220,10583,-1,26,"1265
",0,0,0,0,0,0,0,18,112,2
1780485121.596333,0,0,1,1,0,0,0,0,1,0,0,109,0,1,0,1,1,1,0,0,0,0,0,0,0,0,0,0,0,0,0,0,0,0,0,220,10583,-1,26,"1266
",0,0,0,0,0,0,0,18,112,1
1780485121.606334,0,0,1,1,0,0,0,0,1,0,0,108,0,1,0,1,1,1,0,0,0,0,0,0,0,0,0,0,0,0,0,0,0,0,0,220,10583,-1,26,"1267
",0,0,0,0,0,0,0,18,112,1
1780485121.625335,0,0,1,1,0,0,0,0,1,0,0,108,0,1,0,1,1,1,0,0,0,0,0,0,0,0,0,0,0,0,0,0,0,0,0,220,10583,-1,26,"1268
",0,0,0,0,0,0,0,18,112,1
1780485121.647336,0,0,1,1,0,0,0,0,1,0,0,108,0,1,0,1,1,1,0,0,0,0,0,0,0,0,0,0,0,0,0,0,0,0,0,220,10583,0,28,"1269
",0,0,0,0,0,0,0,18,112,2
1780485121.665337,0,0,1,1,0,0,0,0,1,0,0,107,0,1,0,1,1,1,0,0,0,0,0,0,0,0,0,0,0,0,0,0,0,0,0,220,10583,-1,26,"1270
",0,0,0,0,0,0,0,18,112,2
1780485121.690339,0,0,1,1,0,0,0,0,1,0,0,107,0,1,0,1,1,1,0,0,0,0,0,0,0,0,0,0,0,0,0,0,0,0,0,220,10583,-1,26,"1271
",0,0,0,0,0,0,0,18,112,2
1780485121.70534,0,0,1,1,0,0,0,0,1,0,0,107,0,1,0,1,1,1,0,0,0,0,0,0,0,0,0,0,0,0,0,0,0,0,0,220,10583,-1,26,"1272
",0,0,0,0,0,0,0,18,112,2
1780485121.724341,0,0,1,1,0,0,0,0,1,0,0,107,0,1,0,1,1,1,0,0,0,0,0,0,0,0,0,0,0,0,0,0,0,0,0,220,10583,-1,26,"1273
",0,0,0,0,0,0,0,18,112,2
1780485121.743342,0,0,1,1,0,0,0,0,1,0,0,107,0,1,0,1,1,1,0,0,0,0,0,0,0,0,0,0,0,0,0,0,0,0,0,220,10583,-1,26,"1274
",0,0,0,0,0,0,0,18,112,2
1780485121.773343,0,0,1,1,0,0,0,0,1,0,0,108,0,1,0,1,1,1,0,0,0,0,0,0,0,0,0,0,0,0,0,0,0,0,0,220,10583,-1,26,"1275
",0,0,0,0,0,0,0,18,112,2
1780485121.783344,0,0,1,1,0,0,0,0,1,0,0,107,0,1,0,1,1,1,0,0,0,0,0,0,0,0,0,0,0,0,0,0,0,0,0,220,10583,-1,26,"1276
",0,0,0,0,0,0,0,18,112,2
1780485121.803345,0,0,1,1,0,0,0,0,1,0,0,107,0,1,0,1,1,1,0,0,0,0,0,0,0,0,0,0,0,0,0,0,0,0,0,220,10583,-1,26,"1277
",0,0,0,0,0,0,0,18,112,2
1780485121.822346,0,0,1,1,0,0,0,0,1,0,0,107,0,1,0,1,1,1,0,0,0,0,0,0,0,0,0,0,0,0,0,0,0,0,0,220,10583,-1,26,"1278
",0,0,0,0,0,0,0,18,112,2
1780485121.842347,0,0,1,1,0,0,0,0,1,0,0,107,0,1,0,1,1,1,0,0,0,0,0,0,0,0,0,0,0,0,0,0,0,0,0,220,10583,-1,26,"1279
",0,0,0,0,0,0,0,18,112,2
1780485121.867349,0,0,1,1,0,0,0,0,1,0,0,108,0,1,0,1,1,1,0,0,0,0,0,0,0,0,0,0,0,0,0,0,0,0,0,220,10583,-1,26,"1280
",0,0,0,0,0,0,0,18,112,1
1780485121.88335,0,0,1,1,0,0,0,0,1,0,0,107,0,1,0,1,1,1,0,0,0,0,0,0,0,0,0,0,0,0,0,0,0,0,0,220,10583,-1,26,"1281
",0,0,0,0,0,0,0,18,112,2
1780485121.902351,0,0,1,1,0,0,0,0,1,0,0,107,0,1,0,1,1,1,0,0,0,0,0,0,0,0,0,0,0,0,0,0,0,0,0,220,10583,-1,26,"1282
",0,0,0,0,0,0,0,18,112,1
1780485121.925352,0,0,1,1,0,0,0,0,1,0,0,107,0,1,0,1,1,1,0,0,0,0,0,0,0,0,0,0,0,0,0,0,0,0,0,220,10583,1,28,"1283
",0,0,0,0,0,0,0,18,112,2
1780485121.941353,0,0,1,1,0,0,0,0,1,0,0,107,0,1,0,1,1,1,0,0,0,0,0,0,0,0,0,0,0,0,0,0,0,0,0,220,10583,-1,26,"1284
",0,0,0,0,0,0,0,18,112,2
1780485121.970355,0,0,1,1,0,0,0,0,1,0,0,107,0,1,0,1,1,1,0,0,0,0,0,0,0,0,0,0,0,0,0,0,0,0,0,220,10583,-1,26,"1285
",0,0,0,0,0,0,0,18,112,2
1780485121.981355,0,0,1,1,0,0,0,0,1,0,0,107,0,1,0,1,1,1,0,0,0,0,0,0,0,0,0,0,0,0,0,0,0,0,0,220,10583,-1,26,"1286
",0,0,0,0,0,0,0,18,112,1
1780485122.000356,0,0,1,1,0,0,0,0,1,0,0,107,0,1,0,1,1,1,0,0,0,0,0,0,0,0,0,0,0,0,0,0,0,0,0,220,10583,-1,26,"1287
",0,0,0,0,0,0,0,18,112,2
1780485122.019358,0,0,1,1,0,0,0,0,1,0,0,107,0,1,0,1,1,1,0,0,0,0,0,0,0,0,0,0,0,0,0,0,0,0,0,220,10583,-1,26,"1288
",0,0,0,0,0,0,0,18,112,1
1780485122.039359,0,0,1,1,0,0,0,0,1,0,0,107,0,1,0,1,1,1,0,0,0,0,0,0,0,0,0,0,0,0,0,0,0,0,0,220,10583,-1,26,"1289
",0,0,0,0,0,0,0,18,112,2
1780485122.06036,0,0,1,1,0,0,0,0,1,0,0,107,0,1,0,1,1,1,0,0,0,0,0,0,0,0,0,0,0,0,0,0,0,0,0,220,10583,-1,26,"1290
",0,0,0,0,0,0,0,18,112,2
1780485122.083361,0,0,1,1,0,0,0,0,1,0,0,107,0,1,0,1,1,1,0,0,0,0,0,0,0,0,0,0,0,0,0,0,0,0,0,220,10583,-1,26,"1291
",0,0,0,0,0,0,0,18,112,3
1780485122.099362,0,0,1,1,0,0,0,0,1,0,0,107,0,1,0,1,1,1,0,0,0,0,0,0,0,0,0,0,0,0,0,0,0,0,0,220,10583,-1,26,"1292
",0,0,0,0,0,0,0,18,112,2
1780485122.118363,0,0,1,1,0,0,0,0,1,0,0,107,0,1,0,1,1,1,0,0,0,0,0,0,0,0,0,0,0,0,0,0,0,0,0,220,10583,-1,26,"1293
",0,0,0,0,0,0,0,18,112,2
1780485122.137364,0,0,1,1,0,0,0,0,1,0,0,108,0,1,0,1,1,1,0,0,0,0,0,0,0,0,0,0,0,0,0,0,0,0,0,220,10583,-1,26,"1294
",0,0,0,0,0,0,0,18,112,2
1780485122.159366,0,0,1,1,0,0,0,0,1,0,0,101,0,1,0,1,1,1,0,0,0,0,0,0,0,0,0,0,0,0,0,0,0,0,0,220,10583,-1,26,"1295
",0,0,0,0,0,0,0,18,112,2
1780485122.177367,0,0,1,1,0,0,0,0,1,0,0,107,0,1,0,1,1,1,0,0,0,0,0,0,0,0,0,0,0,0,0,0,0,0,0,220,10583,-1,26,"1296
",0,0,0,0,0,0,0,18,112,1
1780485122.197368,0,0,1,1,0,0,0,0,1,0,0,107,0,1,0,1,1,1,0,0,0,0,0,0,0,0,0,0,0,0,0,0,0,0,0,220,10583,2,28,"1297
",0,0,0,0,0,0,0,18,112,2
1780485122.216369,0,0,1,1,0,0,0,0,1,0,0,107,0,1,0,1,1,1,0,0,0,0,0,0,0,0,0,0,0,0,0,0,0,0,0,220,10583,-1,26,"1298
",0,0,0,0,0,0,0,18,112,2
1780485122.23637,0,0,1,1,0,0,0,0,1,0,0,107,0,1,0,1,1,1,0,0,0,0,0,0,0,0,0,0,0,0,0,0,0,0,0,220,10583,-1,26,"1299
",0,0,0,0,0,0,0,18,112,2
1780485122.256371,0,0,1,1,0,0,0,0,1,0,0,107,0,1,0,1,1,1,0,0,0,0,0,0,0,0,0,0,0,0,0,0,0,0,0,220,10583,-1,26,"1300
",0,0,0,0,0,0,0,18,112,2
1780485122.276372,0,0,1,1,0,0,0,0,1,0,0,108,0,1,0,1,1,1,0,0,0,0,0,0,0,0,0,0,0,0,0,0,0,0,0,220,10583,-1,26,"1301
",0,0,0,0,0,0,0,18,112,2
1780485122.296373,0,0,1,1,0,0,0,0,1,0,0,107,0,1,0,1,1,1,0,0,0,0,0,0,0,0,0,0,0,0,0,0,0,0,0,220,10583,-1,26,"1302
",0,0,0,0,0,0,0,18,112,2
1780485122.316375,0,0,1,1,0,0,0,0,1,0,0,107,0,1,0,1,1,1,0,0,0,0,0,0,0,0,0,0,0,0,0,0,0,0,0,220,10583,-1,26,"1303
",0,0,0,0,0,0,0,18,112,2
1780485122.336376,0,0,1,1,0,0,0,0,1,0,0,107,0,1,0,1,1,1,0,0,0,0,0,0,0,0,0,0,0,0,0,0,0,0,0,220,10583,-1,26,"1304
",0,0,0,0,0,0,0,18,112,2
1780485122.354377,0,0,1,1,0,0,0,0,1,0,0,107,0,1,0,1,1,1,0,0,0,0,0,0,0,0,0,0,0,0,0,0,0,0,0,220,10583,-1,26,"1305
",0,0,0,0,0,0,0,18,112,2
1780485122.378378,0,0,1,1,0,0,0,0,1,0,0,107,0,1,0,1,1,1,0,0,0,0,0,0,0,0,0,0,0,0,0,0,0,0,0,220,10583,-1,26,"1306
",0,0,0,0,0,0,0,18,112,2
1780485122.394379,0,0,1,1,0,0,0,0,1,0,0,107,0,1,0,1,1,1,0,0,0,0,0,0,0,0,0,0,0,0,0,0,0,0,0,220,10583,-1,26,"1307
",0,0,0,0,0,0,0,18,112,2
1780485122.41438,0,0,1,1,0,0,0,0,1,0,0,108,0,1,0,1,1,1,0,0,0,0,0,0,0,0,0,0,0,0,0,0,0,0,0,220,10583,-1,26,"1308
",0,0,0,0,0,0,0,18,112,2
1780485122.433381,0,0,1,1,0,0,0,0,1,0,0,108,0,1,0,1,1,1,0,0,0,0,0,0,0,0,0,0,0,0,0,0,0,0,0,220,10583,-1,26,"1309
",0,0,0,0,0,0,0,18,112,2
1780485122.452382,0,0,1,1,0,0,0,0,1,0,0,102,0,1,0,1,1,1,0,0,0,0,0,0,0,0,0,0,0,0,0,0,0,0,0,220,10583,-1,26,"1310
",0,0,0,0,0,0,0,18,112,2
1780485122.474384,0,0,1,1,0,0,0,0,1,0,0,108,0,1,0,1,1,1,0,0,0,0,0,0,0,0,0,0,0,0,0,0,0,0,0,220,10583,-1,26,"1311
",0,0,0,0,0,0,0,18,112,2
1780485122.492385,0,0,1,1,0,0,0,0,1,0,0,107,0,1,0,1,1,1,0,0,0,0,0,0,0,0,0,0,0,0,0,0,0,0,0,220,10583,3,28,"1312
",0,0,0,0,0,0,0,18,112,2
1780485122.512386,0,0,1,1,0,0,0,0,1,0,0,108,0,1,0,1,1,1,0,0,0,0,0,0,0,0,0,0,0,0,0,0,0,0,0,220,10583,-1,26,"1313
",0,0,0,0,0,0,0,18,112,2
1780485122.532387,0,0,1,1,0,0,0,0,1,0,0,109,0,1,0,1,1,1,0,0,0,0,0,0,0,0,0,0,0,0,0,0,0,0,0,220,10583,-1,26,"1314
",0,0,0,0,0,0,0,18,112,3
1780485122.553388,0,0,1,1,0,0,0,0,1,0,0,124,0,1,0,1,1,1,0,0,0,0,0,0,0,0,0,0,0,0,0,0,0,0,0,220,10583,-1,26,"1315
",0,0,0,0,0,0,0,18,112,3
1780485122.571389,0,0,1,1,0,0,0,0,1,0,0,108,0,1,0,1,1,1,0,0,0,0,0,0,0,0,0,0,0,0,0,0,0,0,0,220,10583,-1,26,"1316
",0,0,0,0,0,0,0,18,112,3
1780485122.59139,0,0,1,1,0,0,0,0,1,0,0,108,0,1,0,1,1,1,0,0,0,0,0,0,0,0,0,0,0,0,0,0,0,0,0,220,10583,-1,26,"1317
",0,0,0,0,0,0,0,18,112,3
1780485122.614392,0,0,1,1,0,0,0,0,1,0,0,108,0,1,0,1,1,1,0,0,0,0,0,0,0,0,0,0,0,0,0,0,0,0,0,220,10583,-1,26,"1318
",0,0,0,0,0,0,0,18,112,2
1780485122.629392,0,0,1,1,0,0,0,0,1,0,0,108,0,1,0,1,1,1,0,0,0,0,0,0,0,0,0,0,0,0,0,0,0,0,0,220,10583,-1,26,"1319
",0,0,0,0,0,0,0,18,112,3
1780485122.649394,0,0,1,1,0,0,0,0,1,0,0,108,0,1,0,1,1,1,0,0,0,0,0,0,0,0,0,0,0,0,0,0,0,0,0,220,10583,-1,26,"1320
",0,0,0,0,0,0,0,18,112,3
1780485122.671395,0,0,1,1,0,0,0,0,1,0,0,108,0,1,0,1,1,1,0,0,0,0,0,0,0,0,0,0,0,0,0,0,0,0,0,220,10583,-1,26,"1321
",0,0,0,0,0,0,0,18,112,2
1780485122.689396,0,0,1,1,0,0,0,0,1,0,0,108,0,1,0,1,1,1,0,0,0,0,0,0,0,0,0,0,0,0,0,0,0,0,0,220,10583,-1,26,"1322
",0,0,0,0,0,0,0,18,112,2
1780485122.709397,0,0,1,1,0,0,0,0,1,0,0,108,0,1,0,1,1,1,0,0,0,0,0,0,0,0,0,0,0,0,0,0,0,0,0,220,10583,-1,26,"1323
",0,0,0,0,0,0,0,18,112,2
1780485122.728398,0,0,1,1,0,0,0,0,1,0,0,108,0,1,0,1,1,1,0,0,0,0,0,0,0,0,0,0,0,0,0,0,0,0,0,220,10583,-1,26,"1324
",0,0,0,0,0,0,0,18,112,2
1780485122.748399,0,0,1,1,0,0,0,0,1,0,0,108,0,1,0,1,1,1,0,0,0,0,0,0,0,0,0,0,0,0,0,0,0,0,0,220,10583,-1,26,"1325
",0,0,0,0,0,0,0,18,112,3
1780485122.7674,0,0,1,1,0,0,0,0,1,0,0,108,0,1,0,1,1,1,0,0,0,0,0,0,0,0,0,0,0,0,0,0,0,0,0,220,10583,4,28,"1326
",0,0,0,0,0,0,0,18,112,2
1780485122.788402,0,0,1,1,0,0,0,0,1,0,0,108,0,1,0,1,1,1,0,0,0,0,0,0,0,0,0,0,0,0,0,0,0,0,0,220,10583,-1,26,"1327
",0,0,0,0,0,0,0,18,112,2
1780485122.807403,0,0,1,1,0,0,0,0,1,0,0,108,0,1,0,1,1,1,0,0,0,0,0,0,0,0,0,0,0,0,0,0,0,0,0,220,10583,-1,26,"1328
",0,0,0,0,0,0,0,18,112,1
1780485122.826404,0,0,1,1,0,0,0,0,1,0,0,102,0,1,0,1,1,1,0,0,0,0,0,0,0,0,0,0,0,0,0,0,0,0,0,220,10583,-1,26,"1329
",0,0,0,0,0,0,0,18,112,2
1780485122.846405,0,0,1,1,0,0,0,0,1,0,0,109,0,1,0,1,1,1,0,0,0,0,0,0,0,0,0,0,0,0,0,0,0,0,0,220,10583,-1,26,"1330
",0,0,0,0,0,0,0,18,112,2
1780485122.866406,0,0,1,1,0,0,0,0,1,0,0,109,0,1,0,1,1,1,0,0,0,0,0,0,0,0,0,0,0,0,0,0,0,0,0,220,10583,-1,26,"1331
",0,0,0,0,0,0,0,18,112,2
1780485122.905408,0,0,1,1,0,0,0,0,1,0,0,108,0,1,0,1,1,1,0,0,0,0,0,0,0,0,0,0,0,0,0,0,0,0,0,220,10583,-1,26,"1332
",0,0,0,0,0,0,0,18,112,2
1780485122.908408,0,0,1,1,0,0,0,0,1,0,0,108,0,1,0,1,1,1,0,0,0,0,0,0,0,0,0,0,0,0,0,0,0,0,0,220,10583,-1,26,"1333
",0,0,0,0,0,0,0,18,112,2
1780485122.926409,0,0,1,1,0,0,0,0,1,0,0,108,0,1,0,1,1,1,0,0,0,0,0,0,0,0,0,0,0,0,0,0,0,0,0,220,10583,-1,26,"1334
",0,0,0,0,0,0,0,18,112,2
1780485122.946411,0,0,1,1,0,0,0,0,1,0,0,108,0,1,0,1,1,1,0,0,0,0,0,0,0,0,0,0,0,0,0,0,0,0,0,220,10583,-1,26,"1335
",0,0,0,0,0,0,0,18,112,3
1780485122.965412,0,0,1,1,0,0,0,0,1,0,0,108,0,1,0,1,1,1,0,0,0,0,0,0,0,0,0,0,0,0,0,0,0,0,0,220,10583,-1,26,"1336
",0,0,0,0,0,0,0,18,112,2
1780485123.004414,0,0,1,1,0,0,0,0,1,0,0,108,0,1,0,1,1,1,0,0,0,0,0,0,0,0,0,0,0,0,0,0,0,0,0,220,10583,-1,26,"1337
",0,0,0,0,0,0,0,18,112,2
1780485123.007414,0,0,1,1,0,0,0,0,1,0,0,108,0,1,0,1,1,1,0,0,0,0,0,0,0,0,0,0,0,0,0,0,0,0,0,220,10583,-1,26,"1338
",0,0,0,0,0,0,0,18,112,3
1780485123.025415,0,0,1,1,0,0,0,0,1,0,0,108,0,1,0,1,1,1,0,0,0,0,0,0,0,0,0,0,0,0,0,0,0,0,0,220,10583,5,28,"1339
",0,0,0,0,0,0,0,18,112,2
1780485123.044416,0,0,1,1,0,0,0,0,1,0,0,108,0,1,0,1,1,1,0,0,0,0,0,0,0,0,0,0,0,0,0,0,0,0,0,220,10583,-1,26,"1340
",0,0,0,0,0,0,0,18,112,2
1780485123.064417,0,0,1,1,0,0,0,0,1,0,0,109,0,1,0,1,1,1,0,0,0,0,0,0,0,0,0,0,0,0,0,0,0,0,0,220,10583,-1,26,"1341
",0,0,0,0,0,0,0,18,112,3
1780485123.084418,0,0,1,1,0,0,0,0,1,0,0,108,0,1,0,1,1,1,0,0,0,0,0,0,0,0,0,0,0,0,0,0,0,0,0,220,10583,-1,26,"1342
",0,0,0,0,0,0,0,18,112,3
1780485123.10342,0,0,1,1,0,0,0,0,1,0,0,108,0,1,0,1,1,1,0,0,0,0,0,0,0,0,0,0,0,0,0,0,0,0,0,220,10583,-1,26,"1343
",0,0,0,0,0,0,0,18,112,3
1780485123.126421,0,0,1,1,0,0,0,0,1,0,0,108,0,1,0,1,1,1,0,0,0,0,0,0,0,0,0,0,0,0,0,0,0,0,0,220,10583,-1,26,"1344
",0,0,0,0,0,0,0,18,112,2
1780485123.142422,0,0,1,1,0,0,0,0,1,0,0,108,0,1,0,1,1,1,0,0,0,0,0,0,0,0,0,0,0,0,0,0,0,0,0,220,10583,-1,26,"1345
",0,0,0,0,0,0,0,18,112,2
1780485123.162423,0,0,1,1,0,0,0,0,1,0,0,108,0,1,0,1,1,1,0,0,0,0,0,0,0,0,0,0,0,0,0,0,0,0,0,220,10583,-1,26,"1346
",0,0,0,0,0,0,0,18,112,3
1780485123.182424,0,0,1,1,0,0,0,0,1,0,0,108,0,1,0,1,1,1,0,0,0,0,0,0,0,0,0,0,0,0,0,0,0,0,0,220,10583,-1,26,"1347
",0,0,0,0,0,0,0,18,112,2
1780485123.207426,0,0,1,1,0,0,0,0,1,0,0,108,0,1,0,1,1,1,0,0,0,0,0,0,0,0,0,0,0,0,0,0,0,0,0,220,10583,-1,26,"1348
",0,0,0,0,0,0,0,18,112,2
1780485123.228427,0,0,1,1,0,0,0,0,1,0,0,108,0,1,0,1,1,1,0,0,0,0,0,0,0,0,0,0,0,0,0,0,0,0,0,220,10583,-1,26,"1349
",0,0,0,0,0,0,0,18,112,2
1780485123.240427,0,0,1,1,0,0,0,0,1,0,0,109,0,1,0,1,1,1,0,0,0,0,0,0,0,0,0,0,0,0,0,0,0,0,0,220,10583,-1,26,"1350
",0,0,0,0,0,0,0,18,112,2
1780485123.260429,0,0,1,1,0,0,0,0,1,0,0,108,0,1,0,1,1,1,0,0,0,0,0,0,0,0,0,0,0,0,0,0,0,0,0,220,10583,-1,26,"1351
",0,0,0,0,0,0,0,18,112,2
1780485123.28043,0,0,1,1,0,0,0,0,1,0,0,108,0,1,0,1,1,1,0,0,0,0,0,0,0,0,0,0,0,0,0,0,0,0,0,220,10583,-1,26,"1352
",0,0,0,0,0,0,0,18,112,1
1780485123.301431,0,0,1,1,0,0,0,0,1,0,0,107,0,1,0,1,1,1,0,0,0,0,0,0,0,0,0,0,0,0,0,0,0,0,0,220,10583,-1,26,"1353
",0,0,0,0,0,0,0,18,112,2
1780485123.320432,0,0,1,1,0,0,0,0,1,0,0,108,0,1,0,1,1,1,0,0,0,0,0,0,0,0,0,0,0,0,0,0,0,0,0,220,10583,0,28,"1354
",0,0,0,0,0,0,0,18,112,2
1780485123.339433,0,0,1,1,0,0,0,0,1,0,0,107,0,1,0,1,1,1,0,0,0,0,0,0,0,0,0,0,0,0,0,0,0,0,0,220,10583,-1,26,"1355
",0,0,0,0,0,0,0,18,112,2
1780485123.358434,0,0,1,1,0,0,0,0,1,0,0,107,0,1,0,1,1,1,0,0,0,0,0,0,0,0,0,0,0,0,0,0,0,0,0,220,10583,-1,26,"1356
",0,0,0,0,0,0,0,18,112,2
1780485123.378435,0,0,1,1,0,0,0,0,1,0,0,107,0,1,0,1,1,1,0,0,0,0,0,0,0,0,0,0,0,0,0,0,0,0,0,220,10583,-1,26,"1357
",0,0,0,0,0,0,0,18,112,2
1780485123.398436,0,0,1,1,0,0,0,0,1,0,0,108,0,1,0,1,1,1,0,0,0,0,0,0,0,0,0,0,0,0,0,0,0,0,0,220,10583,-1,26,"1358
",0,0,0,0,0,0,0,18,112,2
1780485123.418438,0,0,1,1,0,0,0,0,1,0,0,107,0,1,0,1,1,1,0,0,0,0,0,0,0,0,0,0,0,0,0,0,0,0,0,220,10583,-1,26,"1359
",0,0,0,0,0,0,0,18,112,2
1780485123.437439,0,0,1,1,0,0,0,0,1,0,0,107,0,1,0,1,1,1,0,0,0,0,0,0,0,0,0,0,0,0,0,0,0,0,0,220,10583,-1,26,"1360
",0,0,0,0,0,0,0,18,112,2
1780485123.45744,0,0,1,1,0,0,0,0,1,0,0,107,0,1,0,1,1,1,0,0,0,0,0,0,0,0,0,0,0,0,0,0,0,0,0,220,10583,-1,26,"1361
",0,0,0,0,0,0,0,18,112,2
1780485123.476441,0,0,1,1,0,0,0,0,1,0,0,107,0,1,0,1,1,1,0,0,0,0,0,0,0,0,0,0,0,0,0,0,0,0,0,220,10583,-1,26,"1362
",0,0,0,0,0,0,0,18,112,2
1780485123.498442,0,0,1,1,0,0,0,0,1,0,0,107,0,1,0,1,1,1,0,0,0,0,0,0,0,0,0,0,0,0,0,0,0,0,0,220,10583,-1,26,"1363
",0,0,0,0,0,0,0,18,112,2
1780485123.517443,0,0,1,1,0,0,0,0,1,0,0,101,0,1,0,1,1,1,0,0,0,0,0,0,0,0,0,0,0,0,0,0,0,0,0,220,10583,-1,26,"1364
",0,0,0,0,0,0,0,18,112,1
1780485123.535444,0,0,1,1,0,0,0,0,1,0,0,107,0,1,0,1,1,1,0,0,0,0,0,0,0,0,0,0,0,0,0,0,0,0,0,220,10583,-1,26,"1365
",0,0,0,0,0,0,0,18,112,2
1780485123.561446,0,0,1,1,0,0,0,0,1,0,0,106,0,1,0,1,1,1,0,0,0,0,0,0,0,0,0,0,0,0,0,0,0,0,0,220,10583,-1,26,"1366
",0,0,0,0,0,0,0,18,112,2
1780485123.575447,0,0,1,1,0,0,0,0,1,0,0,107,0,1,0,1,1,1,0,0,0,0,0,0,0,0,0,0,0,0,0,0,0,0,0,220,10583,-1,26,"1367
",0,0,0,0,0,0,0,18,112,3
1780485123.595448,0,0,1,1,0,0,0,0,1,0,0,101,0,1,0,1,1,1,0,0,0,0,0,0,0,0,0,0,0,0,0,0,0,0,0,220,10583,1,28,"1368
",0,0,0,0,0,0,0,18,112,2
1780485123.617449,0,0,1,1,0,0,0,0,1,0,0,108,0,1,0,1,1,1,0,0,0,0,0,0,0,0,0,0,0,0,0,0,0,0,0,220,10583,-1,26,"1369
",0,0,0,0,0,0,0,18,112,3
1780485123.63545,0,0,1,1,0,0,0,0,1,0,0,107,0,1,0,1,1,1,0,0,0,0,0,0,0,0,0,0,0,0,0,0,0,0,0,220,10583,-1,26,"1370
",0,0,0,0,0,0,0,18,112,3
1780485123.653451,0,0,1,1,0,0,0,0,1,0,0,100,0,1,0,1,1,1,0,0,0,0,0,0,0,0,0,0,0,0,0,0,0,0,0,220,10583,-1,26,"1371
",0,0,0,0,0,0,0,18,112,3
1780485123.673452,0,0,1,1,0,0,0,0,1,0,0,107,0,1,0,1,1,1,0,0,0,0,0,0,0,0,0,0,0,0,0,0,0,0,0,220,10583,-1,26,"1372
",0,0,0,0,0,0,0,18,112,3
1780485123.695453,0,0,1,1,0,0,0,0,1,0,0,107,0,1,0,1,1,1,0,0,0,0,0,0,0,0,0,0,0,0,0,0,0,0,0,220,10583,-1,26,"1373
",0,0,0,0,0,0,0,18,112,3
1780485123.713454,0,0,1,1,0,0,0,0,1,0,0,108,0,1,0,1,1,1,0,0,0,0,0,0,0,0,0,0,0,0,0,0,0,0,0,220,10583,-1,26,"1374
",0,0,0,0,0,0,0,18,112,2
1780485123.736456,0,0,1,1,0,0,0,0,1,0,0,107,0,1,0,1,1,1,0,0,0,0,0,0,0,0,0,0,0,0,0,0,0,0,0,220,10583,-1,26,"1375
",0,0,0,0,0,0,0,18,112,3
1780485123.752457,0,0,1,1,0,0,0,0,1,0,0,107,0,1,0,1,1,1,0,0,0,0,0,0,0,0,0,0,0,0,0,0,0,0,0,220,10583,-1,26,"1376
",0,0,0,0,0,0,0,18,112,2
1780485123.772458,0,0,1,1,0,0,0,0,1,0,0,108,0,1,0,1,1,1,0,0,0,0,0,0,0,0,0,0,0,0,0,0,0,0,0,220,10583,-1,26,"1377
",0,0,0,0,0,0,0,18,112,2
1780485123.793459,0,0,1,1,0,0,0,0,1,0,0,107,0,1,0,1,1,1,0,0,0,0,0,0,0,0,0,0,0,0,0,0,0,0,0,220,10583,-1,26,"1378
",0,0,0,0,0,0,0,18,112,2
1780485123.821461,0,0,1,1,0,0,0,0,1,0,0,108,0,1,0,1,1,1,0,0,0,0,0,0,0,0,0,0,0,0,0,0,0,0,0,220,10583,-1,26,"1379
",0,0,0,0,0,0,0,18,112,2
1780485123.839462,0,0,1,1,0,0,0,0,1,0,0,107,0,1,0,1,1,1,0,0,0,0,0,0,0,0,0,0,0,0,0,0,0,0,0,220,10583,-1,26,"1380
",0,0,0,0,0,0,0,18,112,2
1780485123.851462,0,0,1,1,0,0,0,0,1,0,0,107,0,1,0,1,1,1,0,0,0,0,0,0,0,0,0,0,0,0,0,0,0,0,0,220,10583,-1,26,"1381
",0,0,0,0,0,0,0,18,112,2
1780485123.870463,0,0,1,1,0,0,0,0,1,0,0,107,0,1,0,1,1,1,0,0,0,0,0,0,0,0,0,0,0,0,0,0,0,0,0,220,10583,2,28,"1382
",0,0,0,0,0,0,0,18,112,2
1780485123.890465,0,0,1,1,0,0,0,0,1,0,0,101,0,1,0,1,1,1,0,0,0,0,0,0,0,0,0,0,0,0,0,0,0,0,0,220,10583,-1,26,"1383
",0,0,0,0,0,0,0,18,112,2
1780485123.918466,0,0,1,1,0,0,0,0,1,0,0,107,0,1,0,1,1,1,0,0,0,0,0,0,0,0,0,0,0,0,0,0,0,0,0,220,10583,-1,26,"1384
",0,0,0,0,0,0,0,18,112,2
1780485123.930467,0,0,1,1,0,0,0,0,1,0,0,107,0,1,0,1,1,1,0,0,0,0,0,0,0,0,0,0,0,0,0,0,0,0,0,220,10583,-1,26,"1385
",0,0,0,0,0,0,0,18,112,2
1780485123.953468,0,0,1,1,0,0,0,0,1,0,0,107,0,1,0,1,1,1,0,0,0,0,0,0,0,0,0,0,0,0,0,0,0,0,0,220,10583,-1,26,"1386
",0,0,0,0,0,0,0,18,112,2
1780485123.969469,0,0,1,1,0,0,0,0,1,0,0,107,0,1,0,1,1,1,0,0,0,0,0,0,0,0,0,0,0,0,0,0,0,0,0,220,10583,-1,26,"1387
",0,0,0,0,0,0,0,18,112,2
1780485123.98947,0,0,1,1,0,0,0,0,1,0,0,108,0,1,0,1,1,1,0,0,0,0,0,0,0,0,0,0,0,0,0,0,0,0,0,220,10583,-1,26,"1388
",0,0,0,0,0,0,0,18,112,2
1780485124.010471,0,0,1,1,0,0,0,0,1,0,0,107,0,1,0,1,1,1,0,0,0,0,0,0,0,0,0,0,0,0,0,0,0,0,0,220,10583,-1,26,"1389
",0,0,0,0,0,0,0,18,112,2
1780485124.029473,0,0,1,1,0,0,0,0,1,0,0,100,0,1,0,1,1,1,0,0,0,0,0,0,0,0,0,0,0,0,0,0,0,0,0,220,10583,-1,26,"1390
",0,0,0,0,0,0,0,18,112,2
1780485124.048474,0,0,1,1,0,0,0,0,1,0,0,107,0,1,0,1,1,1,0,0,0,0,0,0,0,0,0,0,0,0,0,0,0,0,0,220,10583,-1,26,"1391
",0,0,0,0,0,0,0,18,112,2
1780485124.067475,0,0,1,1,0,0,0,0,1,0,0,107,0,1,0,1,1,1,0,0,0,0,0,0,0,0,0,0,0,0,0,0,0,0,0,220,10583,-1,26,"1392
",0,0,0,0,0,0,0,18,112,2
1780485124.087476,0,0,1,1,0,0,0,0,1,0,0,107,0,1,0,1,1,1,0,0,0,0,0,0,0,0,0,0,0,0,0,0,0,0,0,220,10583,-1,26,"1393
",0,0,0,0,0,0,0,18,112,2
1780485124.108477,0,0,1,1,0,0,0,0,1,0,0,108,0,1,0,1,1,1,0,0,0,0,0,0,0,0,0,0,0,0,0,0,0,0,0,220,10583,-1,26,"1394
",0,0,0,0,0,0,0,18,112,2
1780485124.131478,0,0,1,1,0,0,0,0,1,0,0,107,0,1,0,1,1,1,0,0,0,0,0,0,0,0,0,0,0,0,0,0,0,0,0,220,10583,-1,26,"1395
",0,0,0,0,0,0,0,18,112,2
1780485124.146479,0,0,1,1,0,0,0,0,1,0,0,107,0,1,0,1,1,1,0,0,0,0,0,0,0,0,0,0,0,0,0,0,0,0,0,220,10583,-1,26,"1396
",0,0,0,0,0,0,0,18,112,1
1780485124.16648,0,0,1,1,0,0,0,0,1,0,0,107,0,1,0,1,1,1,0,0,0,0,0,0,0,0,0,0,0,0,0,0,0,0,0,220,10583,3,28,"1397
",0,0,0,0,0,0,0,18,112,2
1780485124.186482,0,0,1,1,0,0,0,0,1,0,0,108,0,1,0,1,1,1,0,0,0,0,0,0,0,0,0,0,0,0,0,0,0,0,0,220,10583,-1,26,"1398
",0,0,0,0,0,0,0,18,112,1
1780485124.206483,0,0,1,1,0,0,0,0,1,0,0,108,0,1,0,1,1,1,0,0,0,0,0,0,0,0,0,0,0,0,0,0,0,0,0,220,10583,-1,26,"1399
",0,0,0,0,0,0,0,18,112,2
1780485124.229484,0,0,1,1,0,0,0,0,1,0,0,102,0,1,0,1,1,1,0,0,0,0,0,0,0,0,0,0,0,0,0,0,0,0,0,220,10583,-1,26,"1400
",0,0,0,0,0,0,0,18,112,1
1780485124.246485,0,0,1,1,0,0,0,0,1,0,0,107,0,1,0,1,1,1,0,0,0,0,0,0,0,0,0,0,0,0,0,0,0,0,0,220,10583,-1,26,"1401
",0,0,0,0,0,0,0,18,112,2
1780485124.265486,0,0,1,1,0,0,0,0,1,0,0,102,0,1,0,1,1,1,0,0,0,0,0,0,0,0,0,0,0,0,0,0,0,0,0,220,10583,-1,26,"1402
",0,0,0,0,0,0,0,18,112,1
1780485124.285487,0,0,1,1,0,0,0,0,1,0,0,108,0,1,0,1,1,1,0,0,0,0,0,0,0,0,0,0,0,0,0,0,0,0,0,220,10583,-1,26,"1403
",0,0,0,0,0,0,0,18,112,2
1780485124.304488,0,0,1,1,0,0,0,0,1,0,0,108,0,1,0,1,1,1,0,0,0,0,0,0,0,0,0,0,0,0,0,0,0,0,0,220,10583,-1,26,"1404
",0,0,0,0,0,0,0,18,113,1
1780485124.33049,0,0,1,1,0,0,0,0,1,0,0,108,0,1,0,1,1,1,0,0,0,0,0,0,0,0,0,0,0,0,0,0,0,0,0,220,10583,-1,26,"1405
",0,0,0,0,0,0,0,18,112,2
1780485124.344491,0,0,1,1,0,0,0,0,1,0,0,108,0,1,0,1,1,1,0,0,0,0,0,0,0,0,0,0,0,0,0,0,0,0,0,220,10583,-1,26,"1406
",0,0,0,0,0,0,0,18,112,1
1780485124.363492,0,0,1,1,0,0,0,0,1,0,0,108,0,1,0,1,1,1,0,0,0,0,0,0,0,0,0,0,0,0,0,0,0,0,0,220,10583,-1,26,"1407
",0,0,0,0,0,0,0,18,112,2
1780485124.383493,0,0,1,1,0,0,0,0,1,0,0,108,0,1,0,1,1,1,0,0,0,0,0,0,0,0,0,0,0,0,0,0,0,0,0,220,10583,-1,26,"1408
",0,0,0,0,0,0,0,18,112,1
1780485124.403494,0,0,1,1,0,0,0,0,1,0,0,107,0,1,0,1,1,1,0,0,0,0,0,0,0,0,0,0,0,0,0,0,0,0,0,220,10583,-1,26,"1409
",0,0,0,0,0,0,0,18,112,2
1780485124.438496,0,0,1,1,0,0,0,0,1,0,0,102,0,1,0,1,1,1,0,0,0,0,0,0,0,0,0,0,0,0,0,0,0,0,0,220,10583,-1,26,"1410
",0,0,0,0,0,0,0,18,112,1
1780485124.443496,0,0,1,1,0,0,0,0,1,0,0,101,0,1,0,1,1,1,0,0,0,0,0,0,0,0,0,0,0,0,0,0,0,0,0,220,10583,-1,26,"1411
",0,0,0,0,0,0,0,18,112,2
1780485124.462497,0,0,1,1,0,0,0,0,1,0,0,108,0,1,0,1,1,1,0,0,0,0,0,0,0,0,0,0,0,0,0,0,0,0,0,220,10583,4,28,"1412
",0,0,0,0,0,0,0,18,112,2
1780485124.481498,0,0,1,1,0,0,0,0,1,0,0,108,0,1,0,1,1,1,0,0,0,0,0,0,0,0,0,0,0,0,0,0,0,0,0,220,10583,-1,26,"1413
",0,0,0,0,0,0,0,18,112,2
1780485124.5015,0,0,1,1,0,0,0,0,1,0,0,108,0,1,0,1,1,1,0,0,0,0,0,0,0,0,0,0,0,0,0,0,0,0,0,220,10583,-1,26,"1414
",0,0,0,0,0,0,0,18,112,2
1780485124.522501,0,0,1,1,0,0,0,0,1,0,0,108,0,1,0,1,1,1,0,0,0,0,0,0,0,0,0,0,0,0,0,0,0,0,0,220,10583,-1,26,"1415
",0,0,0,0,0,0,0,18,112,3
1780485124.546502,0,0,1,1,0,0,0,0,1,0,0,108,0,1,0,1,1,1,0,0,0,0,0,0,0,0,0,0,0,0,0,0,0,0,0,220,10583,-1,26,"1416
",0,0,0,0,0,0,0,18,112,2
1780485124.564503,0,0,1,1,0,0,0,0,1,0,0,107,0,1,0,1,1,1,0,0,0,0,0,0,0,0,0,0,0,0,0,0,0,0,0,220,10583,-1,26,"1417
",0,0,0,0,0,0,0,18,112,2
1780485124.580504,0,0,1,1,0,0,0,0,1,0,0,108,0,1,0,1,1,1,0,0,0,0,0,0,0,0,0,0,0,0,0,0,0,0,0,220,10583,-1,26,"1418
",0,0,0,0,0,0,0,18,112,2
1780485124.599505,0,0,1,1,0,0,0,0,1,0,0,108,0,1,0,1,1,1,0,0,0,0,0,0,0,0,0,0,0,0,0,0,0,0,0,220,10583,-1,26,"1419
",0,0,0,0,0,0,0,18,112,2
1780485124.622506,0,0,1,1,0,0,0,0,1,0,0,108,0,1,0,1,1,1,0,0,0,0,0,0,0,0,0,0,0,0,0,0,0,0,0,220,10583,-1,26,"1420
",0,0,0,0,0,0,0,18,112,2
1780485124.641508,0,0,1,1,0,0,0,0,1,0,0,108,0,1,0,1,1,1,0,0,0,0,0,0,0,0,0,0,0,0,0,0,0,0,0,220,10583,-1,26,"1421
",0,0,0,0,0,0,0,18,112,2
1780485124.660509,0,0,1,1,0,0,0,0,1,0,0,108,0,1,0,1,1,1,0,0,0,0,0,0,0,0,0,0,0,0,0,0,0,0,0,220,10583,-1,26,"1422
",0,0,0,0,0,0,0,18,112,2
1780485124.67851,0,0,1,1,0,0,0,0,1,0,0,108,0,1,0,1,1,1,0,0,0,0,0,0,0,0,0,0,0,0,0,0,0,0,0,220,10583,-1,26,"1423
",0,0,0,0,0,0,0,18,112,2
1780485124.698511,0,0,1,1,0,0,0,0,1,0,0,108,0,1,0,1,1,1,0,0,0,0,0,0,0,0,0,0,0,0,0,0,0,0,0,220,10583,-1,26,"1424
",0,0,0,0,0,0,0,18,112,2
1780485124.719512,0,0,1,1,0,0,0,0,1,0,0,108,0,1,0,1,1,1,0,0,0,0,0,0,0,0,0,0,0,0,0,0,0,0,0,220,10583,-1,26,"1425
",0,0,0,0,0,0,0,18,112,2
1780485124.742513,0,0,1,1,0,0,0,0,1,0,0,101,0,1,0,1,1,1,0,0,0,0,0,0,0,0,0,0,0,0,0,0,0,0,0,220,10583,-1,26,"1426
",0,0,0,0,0,0,0,18,112,3
1780485124.764515,0,0,1,1,0,0,0,0,1,0,0,107,0,1,0,1,1,1,0,0,0,0,0,0,0,0,0,0,0,0,0,0,0,0,0,220,10583,5,28,"1427
",0,0,0,0,0,0,0,18,112,2
1780485124.776515,0,0,1,1,0,0,0,0,1,0,0,101,0,1,0,1,1,1,0,0,0,0,0,0,0,0,0,0,0,0,0,0,0,0,0,220,10583,-1,26,"1428
",0,0,0,0,0,0,0,18,112,2
1780485124.796516,0,0,1,1,0,0,0,0,1,0,0,108,0,1,0,1,1,1,0,0,0,0,0,0,0,0,0,0,0,0,0,0,0,0,0,220,10583,-1,26,"1429
",0,0,0,0,0,0,0,18,112,2
1780485124.816518,0,0,1,1,0,0,0,0,1,0,0,108,0,1,0,1,1,1,0,0,0,0,0,0,0,0,0,0,0,0,0,0,0,0,0,220,10583,-1,26,"1430
",0,0,0,0,0,0,0,18,112,2
1780485124.836519,0,0,1,1,0,0,0,0,1,0,0,108,0,1,0,1,1,1,0,0,0,0,0,0,0,0,0,0,0,0,0,0,0,0,0,220,10583,-1,26,"1431
",0,0,0,0,0,0,0,18,112,2
1780485124.874521,0,0,1,1,0,0,0,0,1,0,0,108,0,1,0,1,1,1,0,0,0,0,0,0,0,0,0,0,0,0,0,0,0,0,0,220,10583,-1,26,"1432
",0,0,0,0,0,0,0,18,112,1
1780485124.882521,0,0,1,1,0,0,0,0,1,0,0,108,0,1,0,1,1,1,0,0,0,0,0,0,0,0,0,0,0,0,0,0,0,0,0,220,10583,-1,26,"1433
",0,0,0,0,0,0,0,18,112,2
1780485124.894522,0,0,1,1,0,0,0,0,1,0,0,108,0,1,0,1,1,1,0,0,0,0,0,0,0,0,0,0,0,0,0,0,0,0,0,220,10583,-1,26,"1434
",0,0,0,0,0,0,0,18,112,2
1780485124.914523,0,0,1,1,0,0,0,0,1,0,0,109,0,1,0,1,1,1,0,0,0,0,0,0,0,0,0,0,0,0,0,0,0,0,0,220,10583,-1,26,"1435
",0,0,0,0,0,0,0,18,112,2
1780485124.936524,0,0,1,1,0,0,0,0,1,0,0,108,0,1,0,1,1,1,0,0,0,0,0,0,0,0,0,0,0,0,0,0,0,0,0,220,10583,-1,26,"1436
",0,0,0,0,0,0,0,18,112,2
1780485124.954525,0,0,1,1,0,0,0,0,1,0,0,107,0,1,0,1,1,1,0,0,0,0,0,0,0,0,0,0,0,0,0,0,0,0,0,220,10583,-1,26,"1437
",0,0,0,0,0,0,0,18,112,2
1780485124.973527,0,0,1,1,0,0,0,0,1,0,0,108,0,1,0,1,1,1,0,0,0,0,0,0,0,0,0,0,0,0,0,0,0,0,0,220,10583,-1,26,"1438
",0,0,0,0,0,0,0,18,112,2
1780485124.993528,0,0,1,1,0,0,0,0,1,0,0,108,0,1,0,1,1,1,0,0,0,0,0,0,0,0,0,0,0,0,0,0,0,0,0,220,10583,-1,26,"1439
",0,0,0,0,0,0,0,18,112,2
1780485125.013529,0,0,1,1,0,0,0,0,1,0,0,101,0,1,0,1,1,1,0,0,0,0,0,0,0,0,0,0,0,0,0,0,0,0,0,220,10583,-1,26,"1440
",0,0,0,0,0,0,0,18,112,2
1780485125.03353,0,0,1,1,0,0,0,0,1,0,0,108,0,1,0,1,1,1,0,0,0,0,0,0,0,0,0,0,0,0,0,0,0,0,0,220,10583,-1,26,"1441
",0,0,0,0,0,0,0,18,112,3
1780485125.053531,0,0,1,1,0,0,0,0,1,0,0,108,0,1,0,1,1,1,0,0,0,0,0,0,0,0,0,0,0,0,0,0,0,0,0,220,10583,0,28,"1442
",0,0,0,0,0,0,0,18,112,3
1780485125.072532,0,0,1,1,0,0,0,0,1,0,0,101,0,1,0,1,1,1,0,0,0,0,0,0,0,0,0,0,0,0,0,0,0,0,0,220,10583,-1,26,"1443
",0,0,0,0,0,0,0,18,112,3
1780485125.092533,0,0,1,1,0,0,0,0,1,0,0,107,0,1,0,1,1,1,0,0,0,0,0,0,0,0,0,0,0,0,0,0,0,0,0,220,10583,-1,26,"1444
",0,0,0,0,0,0,0,18,112,3
1780485125.111534,0,0,1,1,0,0,0,0,1,0,0,107,0,1,0,1,1,1,0,0,0,0,0,0,0,0,0,0,0,0,0,0,0,0,0,220,10583,-1,26,"1445
",0,0,0,0,0,0,0,18,112,2
1780485125.132536,0,0,1,1,0,0,0,0,1,0,0,107,0,1,0,1,1,1,0,0,0,0,0,0,0,0,0,0,0,0,0,0,0,0,0,220,10583,-1,26,"1446
",0,0,0,0,0,0,0,18,112,2
1780485125.155537,0,0,1,1,0,0,0,0,1,0,0,107,0,1,0,1,1,1,0,0,0,0,0,0,0,0,0,0,0,0,0,0,0,0,0,220,10583,-1,26,"1447
",0,0,0,0,0,0,0,18,112,2
1780485125.170538,0,0,1,1,0,0,0,0,1,0,0,107,0,1,0,1,1,1,0,0,0,0,0,0,0,0,0,0,0,0,0,0,0,0,0,220,10583,-1,26,"1448
",0,0,0,0,0,0,0,18,112,2
1780485125.190539,0,0,1,1,0,0,0,0,1,0,0,107,0,1,0,1,1,1,0,0,0,0,0,0,0,0,0,0,0,0,0,0,0,0,0,220,10583,-1,26,"1449
",0,0,0,0,0,0,0,18,112,3
1780485125.20954,0,0,1,1,0,0,0,0,1,0,0,107,0,1,0,1,1,1,0,0,0,0,0,0,0,0,0,0,0,0,0,0,0,0,0,220,10583,-1,26,"1450
",0,0,0,0,0,0,0,18,112,2
1780485125.230541,0,0,1,1,0,0,0,0,1,0,0,107,0,1,0,1,1,1,0,0,0,0,0,0,0,0,0,0,0,0,0,0,0,0,0,220,10583,-1,26,"1451
",0,0,0,0,0,0,0,18,112,2
1780485125.257543,0,0,1,1,0,0,0,0,1,0,0,106,0,1,0,1,1,1,0,0,0,0,0,0,0,0,0,0,0,0,0,0,0,0,0,220,10583,-1,26,"1452
",0,0,0,0,0,0,0,18,112,2
1780485125.274544,0,0,1,1,0,0,0,0,1,0,0,107,0,1,0,1,1,1,0,0,0,0,0,0,0,0,0,0,0,0,0,0,0,0,0,220,10583,-1,26,"1453
",0,0,0,0,0,0,0,18,112,2
1780485125.288545,0,0,1,1,0,0,0,0,1,0,0,107,0,1,0,1,1,1,0,0,0,0,0,0,0,0,0,0,0,0,0,0,0,0,0,220,10583,-1,26,"1454
",0,0,0,0,0,0,0,18,112,2
1780485125.308546,0,0,1,1,0,0,0,0,1,0,0,107,0,1,0,1,1,1,0,0,0,0,0,0,0,0,0,0,0,0,0,0,0,0,0,220,10583,-1,26,"1455
",0,0,0,0,0,0,0,18,112,3
1780485125.327547,0,0,1,1,0,0,0,0,1,0,0,107,0,1,0,1,1,1,0,0,0,0,0,0,0,0,0,0,0,0,0,0,0,0,0,220,10583,1,28,"1456
",0,0,0,0,0,0,0,18,112,3
1780485125.353548,0,0,1,1,0,0,0,0,1,0,0,107,0,1,0,1,1,1,0,0,0,0,0,0,0,0,0,0,0,0,0,0,0,0,0,220,10583,-1,26,"1457
",0,0,0,0,0,0,0,18,112,3
1780485125.367549,0,0,1,1,0,0,0,0,1,0,0,107,0,1,0,1,1,1,0,0,0,0,0,0,0,0,0,0,0,0,0,0,0,0,0,220,10583,-1,26,"1458
",0,0,0,0,0,0,0,18,112,3
1780485125.38755,0,0,1,1,0,0,0,0,1,0,0,107,0,1,0,1,1,1,0,0,0,0,0,0,0,0,0,0,0,0,0,0,0,0,0,220,10583,-1,26,"1459
",0,0,0,0,0,0,0,18,112,4
1780485125.406551,0,0,1,1,0,0,0,0,1,0,0,108,0,1,0,1,1,1,0,0,0,0,0,0,0,0,0,0,0,0,0,0,0,0,0,220,10583,-1,26,"1460
",0,0,0,0,0,0,0,18,112,3
1780485125.426552,0,0,1,1,0,0,0,0,1,0,0,100,0,1,0,1,1,1,0,0,0,0,0,0,0,0,0,0,0,0,0,0,0,0,0,220,10583,-1,26,"1461
",0,0,0,0,0,0,0,18,112,2
1780485125.490556,0,0,1,1,0,0,0,0,1,0,0,107,0,1,0,1,1,1,0,0,0,0,0,0,0,0,0,0,0,0,0,0,0,0,0,220,10583,-1,26,"1462
",0,0,0,0,0,0,0,18,112,2
1780485125.493556,0,0,1,1,0,0,0,0,1,0,0,107,0,1,0,1,1,1,0,0,0,0,0,0,0,0,0,0,0,0,0,0,0,0,0,220,10583,-1,26,"1463
",0,0,0,0,0,0,0,18,112,3
1780485125.503557,0,0,1,1,0,0,0,0,1,0,0,108,0,1,0,1,1,1,0,0,0,0,0,0,0,0,0,0,0,0,0,0,0,0,0,220,10583,-1,26,"1464
",0,0,0,0,0,0,0,18,112,2
1780485125.514557,0,0,1,1,0,0,0,0,1,0,0,107,0,1,0,1,1,1,0,0,0,0,0,0,0,0,0,0,0,0,0,0,0,0,0,220,10583,-1,26,"1465
",0,0,0,0,0,0,0,18,112,2
1780485125.524558,0,0,1,1,0,0,0,0,1,0,0,107,0,1,0,1,1,1,0,0,0,0,0,0,0,0,0,0,0,0,0,0,0,0,0,220,10583,-1,26,"1466
",0,0,0,0,0,0,0,18,112,2
1780485125.549559,0,0,1,1,0,0,0,0,1,0,0,107,0,1,0,1,1,1,0,0,0,0,0,0,0,0,0,0,0,0,0,0,0,0,0,220,10583,-1,26,"1467
",0,0,0,0,0,0,0,18,112,2
1780485125.56556,0,0,1,1,0,0,0,0,1,0,0,107,0,1,0,1,1,1,0,0,0,0,0,0,0,0,0,0,0,0,0,0,0,0,0,220,10583,-1,26,"1468
",0,0,0,0,0,0,0,18,112,2
1780485125.585562,0,0,1,1,0,0,0,0,1,0,0,101,0,1,0,1,1,1,0,0,0,0,0,0,0,0,0,0,0,0,0,0,0,0,0,220,10583,-1,26,"1469
",0,0,0,0,0,0,0,18,112,3
1780485125.603563,0,0,1,1,0,0,0,0,1,0,0,107,0,1,0,1,1,1,0,0,0,0,0,0,0,0,0,0,0,0,0,0,0,0,0,220,10583,2,28,"1470
",0,0,0,0,0,0,0,18,112,3
1780485125.623564,0,0,1,1,0,0,0,0,1,0,0,107,0,1,0,1,1,1,0,0,0,0,0,0,0,0,0,0,0,0,0,0,0,0,0,220,10583,-1,26,"1471
",0,0,0,0,0,0,0,18,112,3
1780485125.644565,0,0,1,1,0,0,0,0,1,0,0,107,0,1,0,1,1,1,0,0,0,0,0,0,0,0,0,0,0,0,0,0,0,0,0,220,10583,-1,26,"1472
",0,0,0,0,0,0,0,18,112,2
1780485125.665566,0,0,1,1,0,0,0,0,1,0,0,107,0,1,0,1,1,1,0,0,0,0,0,0,0,0,0,0,0,0,0,0,0,0,0,220,10583,-1,26,"1473
",0,0,0,0,0,0,0,18,112,2
1780485125.682567,0,0,1,1,0,0,0,0,1,0,0,107,0,1,0,1,1,1,0,0,0,0,0,0,0,0,0,0,0,0,0,0,0,0,0,220,10583,-1,26,"1474
",0,0,0,0,0,0,0,18,112,1
1780485125.702568,0,0,1,1,0,0,0,0,1,0,0,108,0,1,0,1,1,1,0,0,0,0,0,0,0,0,0,0,0,0,0,0,0,0,0,220,10583,-1,26,"1475
",0,0,0,0,0,0,0,18,112,2
1780485125.721569,0,0,1,1,0,0,0,0,1,0,0,108,0,1,0,1,1,1,0,0,0,0,0,0,0,0,0,0,0,0,0,0,0,0,0,220,10583,-1,26,"1476
",0,0,0,0,0,0,0,18,112,2
1780485125.743571,0,0,1,1,0,0,0,0,1,0,0,107,0,1,0,1,1,1,0,0,0,0,0,0,0,0,0,0,0,0,0,0,0,0,0,220,10583,-1,26,"1477
",0,0,0,0,0,0,0,18,112,2
1780485125.767572,0,0,1,1,0,0,0,0,1,0,0,107,0,1,0,1,1,1,0,0,0,0,0,0,0,0,0,0,0,0,0,0,0,0,0,220,10583,-1,26,"1478
",0,0,0,0,0,0,0,18,112,2
1780485125.788573,0,0,1,1,0,0,0,0,1,0,0,100,0,1,0,1,1,1,0,0,0,0,0,0,0,0,0,0,0,0,0,0,0,0,0,220,10583,-1,26,"1479
",0,0,0,0,0,0,0,18,112,2
1780485125.800574,0,0,1,1,0,0,0,0,1,0,0,107,0,1,0,1,1,1,0,0,0,0,0,0,0,0,0,0,0,0,0,0,0,0,0,220,10583,-1,26,"1480
",0,0,0,0,0,0,0,18,112,1
1780485125.827575,0,0,1,1,0,0,0,0,1,0,0,108,0,1,0,1,1,1,0,0,0,0,0,0,0,0,0,0,0,0,0,0,0,0,0,220,10583,-1,26,"1481
",0,0,0,0,0,0,0,18,112,2
1780485125.839576,0,0,1,1,0,0,0,0,1,0,0,108,0,1,0,1,1,1,0,0,0,0,0,0,0,0,0,0,0,0,0,0,0,0,0,220,10583,-1,26,"1482
",0,0,0,0,0,0,0,18,112,2
1780485125.859577,0,0,1,1,0,0,0,0,1,0,0,108,0,1,0,1,1,1,0,0,0,0,0,0,0,0,0,0,0,0,0,0,0,0,0,220,10583,-1,26,"1483
",0,0,0,0,0,0,0,18,112,2
1780485125.879578,0,0,1,1,0,0,0,0,1,0,0,107,0,1,0,1,1,1,0,0,0,0,0,0,0,0,0,0,0,0,0,0,0,0,0,220,10583,-1,26,"1484
",0,0,0,0,0,0,0,18,112,2
1780485125.898579,0,0,1,1,0,0,0,0,1,0,0,108,0,1,0,1,1,1,0,0,0,0,0,0,0,0,0,0,0,0,0,0,0,0,0,220,10583,3,28,"1485
",0,0,0,0,0,0,0,18,112,2
1780485125.918581,0,0,1,1,0,0,0,0,1,0,0,108,0,1,0,1,1,1,0,0,0,0,0,0,0,0,0,0,0,0,0,0,0,0,0,220,10583,-1,26,"1486
",0,0,0,0,0,0,0,18,112,2
1780485125.938582,0,0,1,1,0,0,0,0,1,0,0,108,0,1,0,1,1,1,0,0,0,0,0,0,0,0,0,0,0,0,0,0,0,0,0,220,10583,-1,26,"1487
",0,0,0,0,0,0,0,18,112,2
1780485125.958583,0,0,1,1,0,0,0,0,1,0,0,108,0,1,0,1,1,1,0,0,0,0,0,0,0,0,0,0,0,0,0,0,0,0,0,220,10583,-1,26,"1488
",0,0,0,0,0,0,0,18,112,2
1780485125.978584,0,0,1,1,0,0,0,0,1,0,0,108,0,1,0,1,1,1,0,0,0,0,0,0,0,0,0,0,0,0,0,0,0,0,0,220,10583,-1,26,"1489
",0,0,0,0,0,0,0,18,112,2
1780485125.997585,0,0,1,1,0,0,0,0,1,0,0,108,0,1,0,1,1,1,0,0,0,0,0,0,0,0,0,0,0,0,0,0,0,0,0,220,10583,-1,26,"1490
",0,0,0,0,0,0,0,18,112,2
1780485126.017586,0,0,1,1,0,0,0,0,1,0,0,108,0,1,0,1,1,1,0,0,0,0,0,0,0,0,0,0,0,0,0,0,0,0,0,220,10583,-1,26,"1491
",0,0,0,0,0,0,0,18,112,2
1780485126.037587,0,0,1,1,0,0,0,0,1,0,0,108,0,1,0,1,1,1,0,0,0,0,0,0,0,0,0,0,0,0,0,0,0,0,0,220,10583,-1,26,"1492
",0,0,0,0,0,0,0,18,112,3
1780485126.060589,0,0,1,1,0,0,0,0,1,0,0,109,0,1,0,1,1,1,0,0,0,0,0,0,0,0,0,0,0,0,0,0,0,0,0,220,10583,-1,26,"1493
",0,0,0,0,0,0,0,18,112,3
1780485126.07759,0,0,1,1,0,0,0,0,1,0,0,108,0,1,0,1,1,1,0,0,0,0,0,0,0,0,0,0,0,0,0,0,0,0,0,220,10583,-1,26,"1494
",0,0,0,0,0,0,0,18,113,2
1780485126.095591,0,0,1,1,0,0,0,0,1,0,0,108,0,1,0,1,1,1,0,0,0,0,0,0,0,0,0,0,0,0,0,0,0,0,0,220,10583,-1,26,"1495
",0,0,0,0,0,0,0,18,112,3
1780485126.115592,0,0,1,1,0,0,0,0,1,0,0,108,0,1,0,1,1,1,0,0,0,0,0,0,0,0,0,0,0,0,0,0,0,0,0,220,10583,-1,26,"1496
",0,0,0,0,0,0,0,18,112,2
1780485126.135593,0,0,1,1,0,0,0,0,1,0,0,108,0,1,0,1,1,1,0,0,0,0,0,0,0,0,0,0,0,0,0,0,0,0,0,220,10583,-1,26,"1497
",0,0,0,0,0,0,0,18,112,2
1780485126.156594,0,0,1,1,0,0,0,0,1,0,0,108,0,1,0,1,1,1,0,0,0,0,0,0,0,0,0,0,0,0,0,0,0,0,0,220,10583,-1,26,"1498
",0,0,0,0,0,0,0,18,112,2
1780485126.176595,0,0,1,1,0,0,0,0,1,0,0,102,0,1,0,1,1,1,0,0,0,0,0,0,0,0,0,0,0,0,0,0,0,0,0,220,10583,4,28,"1499
",0,0,0,0,0,0,0,18,112,2
